id,url,titulo,fonte,categoria,notas,ordem,created_at,eixo,subcategoria
2a843bac-cb88-48ee-afe0-fbd659734bd2,https://ffms.pt/pt-pt/ffms-play/da-capa-contracapa-podcast/video-redes-sociais-uma-ameaca-sociedade-e-democracia,"Redes Sociais: uma ameaça à sociedade e à democracia?",FFMS,desinformacao,"Análise do papel das redes sociais na erosão do debate democrático e na amplificação de narrativas polarizadoras em Portugal.",2,"2026-03-13 09:04:48.804903+00",,
60a86db8-c0e4-486b-90eb-10f8243ccfd9,https://www.nationalacademies.org/read/5287/chapter/5,"Science Literacy and Public Perception","National Academies",dunning_kruger,"Relatório das Academias Nacionais dos EUA sobre o que a investigação diz acerca de como o público compreende e avalia a ciência.",13,"2026-03-13 14:51:21.666717+00",,
fc0065f0-dfe9-4d15-bbd1-9bcb90ca26cd,https://www.publico.pt/2025/12/11/impar/noticia/cientistas-alertam-conselhos-medicos-influenciadores-sao-perigosos-2157741,"Cientistas alertam: influenciadores de saúde são perigosos",Público,desinformacao,"Reportagem sobre o risco real dos influenciadores de saúde sem formação — o contexto português e o silêncio regulatório.",16,"2026-03-13 14:51:21.666717+00",,
0f643119-ae68-4a75-bbb9-06ba2d2acbd7,https://journals.sagepub.com/doi/full/10.1177/20539517211013867,"The case for tracking misinformation the way we track disease","Sage Journals — Big Data & Society",desinformacao,"While public health organizations can detect disease spread, few can monitor and respond to real-time misinformation. Misinformation risks the public's health, the credibility of institutions, and the safety of experts and front-line workers.",0,"2026-03-13 10:27:52.418847+00",,
6aa18b23-163e-4491-8f5d-f5c2939cad1e,https://dl.acm.org/doi/10.1145/3485447.3512266,"Moral Emotions Shape the Virality of COVID-19 Misinformation on Social Media","ACM Web Conference, 2022",comunicacao_cientifica,"Rumores falsos são mais virais quando mobilizam emoções de condenação do outro — padrão verificado em desinformação de saúde e política.",100,"2026-03-13 15:05:25.845307+00",,
655453d8-9444-49dd-958a-d61cd6405179,https://pmc.ncbi.nlm.nih.gov/articles/PMC8991995/,"Emotion, Analytic Thinking and Susceptibility to Misinformation during COVID-19","Frontiers in Psychology / PMC, 2022",comunicacao_cientifica,"Afirmações falsas desencadeiam pensamento emocional que coloca utilizadores em risco — papel da emoção na aceitação e partilha de desinformação.",101,"2026-03-13 15:05:25.845307+00",,
c3330f1f-3aff-4604-b158-307a9ddf4d49,https://www.mdpi.com/2673-8392/5/4/195,"Health Communication in the Age of Platforms: Drivers of Misinformation and the Crisis of Medical Expertise","Encyclopedia (MDPI), 2025",comunicacao_cientifica,"Plataformas operam segundo um modelo de atenção que privilegia viralidade sobre factualidade, favorecendo narrativas negativas e emocionalmente carregadas.",102,"2026-03-13 15:05:25.845307+00",,
8e742446-88e5-4ce1-8ef2-119d35126af5,https://emcausa.org/elogio-do-aborrecimento/,"Elogio do Aborrecimento","Em Causa",dunning_kruger,"Ensaio sobre o valor do pensamento lento e da pausa reflexiva num ecossistema mediático que incentiva a reação imediata e emocional.",10,"2026-03-13 14:51:21.666717+00",,
9f4f4de0-2081-4fb5-a25e-0fa237580d44,https://shifter.pt/2024/03/joana-goncalves-sa-ciencia-entrevista/,"Joana Gonçalves-Sá: ciência e desinformação",Shifter,dunning_kruger,"Joana Gonçalves-Sá explica como a ciência é distorcida, instrumentalizada e como desenvolver imunidade à desinformação.",11,"2026-03-13 14:51:21.666717+00",,
99c900c3-e892-40a3-b202-a50370a5a2ac,https://www.acad-ciencias.pt/books/como-dialogar-com-quem-nao-quer-ouvir-para-la-da-polarizacao-e-da-desinformacao/,"Como Dialogar com quem não quer ouvir","Academia das Ciências de Lisboa",dunning_kruger,"Estratégias concretas para conversas com quem recusa escutar — como manter o diálogo aberto sem reforçar a resistência.",0,"2026-03-13 09:52:07.45368+00",,
7b892821-678a-4856-9b8a-c4544b80252a,https://www.pordata.pt/portugal,"Base de Dados de Portugal",Pordata,igualdade_social,"Dados abertos sobre Portugal: indicadores sociais, económicos e demográficos para contextualizar desigualdades no acesso à saúde.",1,"2026-03-13 09:04:48.804903+00",,
f469ed3f-da78-443e-b857-e84749956f61,https://www.fnam.pt/seccoes/comunicados/novo-despacho-do-ministerio-da-saude-ameaca-destruir-os-cuidados-de-saude-primarios,"Despacho ameaça destruir os CSP",FNAM,cuidados_saude_primarios,"Notícia sobre medidas legislativas que ameaçam a autonomia dos médicos de família — sinal de alerta para o enfraquecimento dos CSP.",21,"2026-03-13 14:51:21.666717+00",,
1c6e67a1-a25a-4d4e-a38f-4be904eadb98,https://ffms.pt/pt-pt/ffms-play/da-capa-contracapa-podcast/ciencia-e-pseudociencia-portuguesa,"Ciência e Pseudociência Portuguesa (podcast)",FFMS,dunning_kruger,"Podcast que desmonta pseudociência em contexto português — ferramenta de referência para literacia científica aplicada.",12,"2026-03-13 14:51:21.666717+00",,
18ab811d-84c0-4613-9d50-90f1eae44772,https://www.apa.org/topics/journalism-facts/misinformation-disinformation,"Misinformation and Disinformation",APA,desinformacao,"Guia da APA que distingue misinformation de disinformation e apresenta o que a psicologia sabe sobre combater cada uma.",15,"2026-03-13 14:51:21.666717+00",,
b1fb1e8a-2e58-4aab-af52-ac186083f826,https://www.researchgate.net/publication/385618645_Evolucao_dos_cuidados_de_saude_primarios_em_Portugal_licoes_aprendidas_e_perspetivas_futuras,"Evolução dos CSP em Portugal",ResearchGate,cuidados_saude_primarios,"Análise académica da trajectória dos CSP em Portugal: reformas, avanços e pontos de ruptura no acesso aos cuidados de proximidade.",19,"2026-03-13 14:51:21.666717+00",,
3115f871-4254-48d4-a741-8b3fc5790877,https://www.chlo.min-saude.pt/index.php/informacao-ao-utente/descomplicarcsp,"Descomplicar CSP","CHLO / SNS",cuidados_saude_primarios,"Recurso do Centro Hospitalar de Lisboa Ocidental que traduz os CSP para linguagem acessível ao cidadão.",20,"2026-03-13 14:51:21.666717+00",,
97010ba7-3a23-4eb6-9aa8-65316c176e75,https://www.publico.pt/interactivos/tiktok-desinformacao-saude-pernas-compridas/,"TikTok, desinformação e saúde: pernas compridas",Público,desinformacao,"Como o TikTok funciona como veículo de desinformação em saúde — o caso português e os mecanismos de propagação algorítmica.",3,"2026-03-13 09:04:48.804903+00",,
3c14ace2-75ad-4603-9041-f6ea1c76cfc6,https://www.ers.pt/media/e50by3ag/manual-boas-praticas-publicidade-saude.pdf,"Manual de Boas Práticas de Publicidade em Saúde",ERS,desinformacao,"Documento regulatório da ERS que define os limites da publicidade em saúde — referência para identificar comunicação enganosa.",17,"2026-03-13 14:51:21.666717+00",,
a566052d-2898-41a2-9b1e-a0791950c243,https://www.who.int/world-health-day/world-health-day-2019/fact-sheets/details/primary-health-care,"Primary Health Care",WHO,cuidados_saude_primarios,"Definição e princípios dos Cuidados de Saúde Primários segundo a OMS — base conceptual para o papel dos CSP na literacia em saúde.",18,"2026-03-13 14:51:21.666717+00",,
6c5dfdee-bcfe-4f6d-aab0-405410bcc5fc,https://www.publico.pt/2025/03/21/ciencia/ensaio/vacinas-nao-causam-autismo-nao-sao-precisos-estudos-2126533,"As vacinas não causam autismo",publico.pt,desinformacao,Público,0,"2026-03-13 16:15:08.195413+00",,
783d3982-1698-49fe-a709-4c84b44e86a0,https://www.publico.pt/2023/05/16/opiniao/opiniao/cura-vihsida-nao-existe-2049713,"A cura para o VIH/SIDA ainda não existe",publico.pt,desinformacao,Público,0,"2026-03-13 16:15:08.195413+00",,
7c7fce4c-fde7-4cb3-995b-0d5e19fd17f3,https://observador.pt/2025/09/24/verificacao-de-factos-demora-muito-tempo-a-responder-a-desinformacao-diz-investigadora/,"Verificação de factos demora a responder à desinformação",observador.pt,desinformacao,Observador,0,"2026-03-13 16:15:08.195413+00",,
f52afec0-82f4-440c-9972-7115c4f1643e,https://www.publico.pt/2025/12/11/impar/noticia/cientistas-alertam-conselhos-medicos-influenciadores-sao-perigosos-2157741,"Cientistas alertam: conselhos médicos de influenciadores são perigosos",publico.pt,desinformacao,Público,0,"2026-03-13 16:15:08.195413+00",,
48392bc7-6c3a-4a96-bcba-c1c3dc5ef06f,https://www.frontiersin.org/journals/communication/articles/10.3389/fcomm.2025.1560936/full,"Unravelling the Infodemic: A Systematic Review of Misinformation Dynamics during COVID-19","Frontiers in Communication, 2025",comunicacao_cientifica,"Revisão sistemática de 76 estudos: conteúdos emocionais propagam-se mais depressa porque plataformas priorizam engagement em detrimento da precisão.",103,"2026-03-13 15:05:25.845307+00",,
6280e89f-3d8e-4b98-85ab-1feca7446c42,https://pmc.ncbi.nlm.nih.gov/articles/PMC7532328/,"Where We Go From Here: Health Misinformation on Social Media","American Journal of Public Health / PMC",comunicacao_cientifica,"Falsidades espalham-se mais depressa e longe do que informação precisa — drivers psicossociais da aceitação de desinformação em saúde.",104,"2026-03-13 15:05:25.845307+00",,
447320bd-0700-42af-9854-0512df31bda3,https://pmc.ncbi.nlm.nih.gov/articles/PMC7411529/,"Science-Related Populism: Conceptualizing Populist Demands Toward Science","Public Understanding of Science / PMC, 2020 — Mede & Schäfer",comunicacao_cientifica,"Base conceptual do populismo científico: apoiantes de partidos populistas têm menor confiança em universidades e peritos.",105,"2026-03-13 15:05:25.845307+00",,
3a616730-8ee7-4cd7-9629-1c407813fb84,https://academic.oup.com/ijpor/article/37/1/edae056/8069303,"Populist Attitudes and Misinformation Challenging Trust: The Case of Turkey","International Journal of Public Opinion Research, Oxford, 2024",comunicacao_cientifica,"A estratégia populista apresenta cientistas como élite desconectada — modelo de análise para dinâmicas como Chega e VOX.",106,"2026-03-13 15:05:25.845307+00",,
10ec246a-e63e-4c5a-9c45-4573f49356ba,https://www.tandfonline.com/doi/full/10.1080/2474736X.2022.2159847,"Populist Attitudes Towards Politics and Science: How Do They Differ?","Journal of Science Communication, 2023",comunicacao_cientifica,"Populismo político e científico como fenómenos distintos mas correlacionados — apoiantes de partidos populistas de direita são mais céticos face à vacinação.",107,"2026-03-13 15:05:25.845307+00",,
ed87a576-f2fb-4e6f-8098-2b7e3a2f912a,https://en.unesco.org/inclusivepolicylab/analytics/rethink-science-communication-post-pandemic-era,"Rethink Science Communication for the Post-Pandemic Era","UNESCO / Niels G. Mede, 2023",comunicacao_cientifica,"Simplesmente fornecer mais informação científica ao público não resolve a desconfiança — é preciso repensar a comunicação científica além do modelo deficit.",108,"2026-03-13 15:05:25.845307+00",,
9d3e0a24-7f0a-4e8c-996a-3c969bde8f75,https://pmc.ncbi.nlm.nih.gov/articles/PMC10654955/,"Countering Science-Related Populist Speech","Frontiers in Communication / PMC, 2023",comunicacao_cientifica,"A abertura e comunicação não paternalista sobre ciência é a melhor defesa contra o populismo científico.",109,"2026-03-13 15:05:25.845307+00",,
a43f2059-f1e9-489d-8295-2a4917d5a6df,https://www.sciencedirect.com/science/article/abs/pii/S0738399123001325,"The Use of Narrative in Science and Health Communication: A Scoping Review","Patient Education and Counseling, 2023",comunicacao_cientifica,"Mensagens narrativas são mais emocionalmente envolventes que as factuais e criam abertura à informação ao atrasar a formulação de contra-argumentos.",110,"2026-03-13 15:05:25.845307+00",,
599c58f1-e413-4f94-a9aa-297213be7544,https://pmc.ncbi.nlm.nih.gov/articles/PMC7962859/,"Using Narrative Evidence to Convey Health Information on Social Media: The Case of COVID-19","JMIR Public Health / PMC, 2021",comunicacao_cientifica,"Em vez de estatísticas áridas, histórias pessoais introduzem emoções e dilemas que tornam a comunicação de saúde contextual e acessível nas redes sociais.",111,"2026-03-13 15:05:25.845307+00",,
88c01d9e-c627-42db-8a37-3175cb9dac69,https://www.tandfonline.com/doi/full/10.1080/07359683.2025.2587309,"Blending Emotion and Logic in Health Messaging Strategy","Journal of Health Communication, 2025",comunicacao_cientifica,"Apelos emocionais puros são mais memoráveis que abordagens mistas — conteúdo visual autêntico restabelece confiança num clima de ceticismo científico.",112,"2026-03-13 15:05:25.845307+00",,
989965be-486d-49cb-b10f-61cc4a1be5b3,https://socialcomplexity.eu/2021/11/24/why-do-we-believe-false-information/,"Why do we believe false information?","Social Complexity Lab",desinformacao,"Explora os mecanismos cognitivos e sociais que tornam as pessoas susceptíveis a informação falsa — base para intervenções de literacia.",14,"2026-03-13 14:51:21.666717+00",,
37d3b3a4-e35a-480f-aa7e-b4250c04e3de,https://www.dgs.pt/em-destaque/dgs-publica-relatorio-saude-e-dignidade-menstrual-resultados-do-inquerito-vamos-falar-de-menstruacao-pdf.aspx,"Saúde e Dignidade Menstrual",DGS,igualdade_social,"Iniciativa da DGS sobre saúde menstrual — acesso equitativo a informação e produtos como condição de igualdade social em saúde.",22,"2026-03-13 14:51:21.666717+00",,
a88d2857-c505-4fd9-85d8-e09502d5c30c,https://www.acad-ciencias.pt/books/como-dialogar-com-quem-nao-quer-ouvir-para-la-da-polarizacao-e-da-desinformacao/,"Como Dialogar Com Quem Não Quer Ouvir",acad-ciencias.pt,desinformacao,"Academia das Ciências de Lisboa",0,"2026-03-13 16:15:08.195413+00",,
4ffd1d09-3b05-483e-b3da-3a98af742c4f,https://www.apa.org/topics/journalism-facts/misinformation-disinformation,"Misinformation and Disinformation",apa.org,desinformacao,"American Psychological Association",0,"2026-03-13 16:15:08.195413+00",,
bba6a2ad-3bae-40bf-a867-83b2d2f6da3e,https://ffms.pt/pt-pt/ffms-play/da-capa-contracapa-podcast/ciencia-e-pseudociencia-portuguesa,"Ciência e pseudociência à portuguesa",ffms.pt,desinformacao,"Podcast FFMS",0,"2026-03-13 16:15:08.195413+00",,
9f41c3c7-3628-4315-88e4-c3e878833dac,https://socialcomplexity.eu/2021/11/24/why-do-we-believe-false-information/,"Why do we believe in false information?",socialcomplexity.eu,desinformacao,"Social Complexity",0,"2026-03-13 16:15:08.195413+00",,
09501379-6d3a-4550-b9aa-4db7f5dba444,https://www.scientificamerican.com/article/the-dunning-kruger-effect-shows-that-people-dont-know-what-they-dont-know/,"Dunning-Kruger Effect",scientificamerican.com,desinformacao,"Scientific American",0,"2026-03-13 16:15:08.195413+00",,
db2acf0b-7ac4-485a-a3da-0cd0dfd31373,https://especiais.poligrafo.pt/pinoquio/,"Pinóquio na Escola",poligrafo.pt,desinformacao,"Projecto educativo Polígrafo",0,"2026-03-13 16:15:08.195413+00",,
500e4ad2-5643-424a-8c37-28f815eb0b0a,https://www.publico.pt/anticiencia,Anticiência,publico.pt,desinformacao,"Secção Público",0,"2026-03-13 16:15:08.195413+00",,
7c45f514-3f84-45b1-af4a-3170cec7a6d0,https://www.publico.pt/2021/12/03/sociedade/noticia/carlos-fiolhais-pedro-choy-interesses-comerciais-defender-legalizacao-terapias-alternativas-1987362,"Pedro Choy e terapias alternativas",publico.pt,desinformacao,Público,0,"2026-03-13 16:15:08.195413+00",,
168a0d53-91aa-4604-9300-b2cca4693aae,https://www.publico.pt/2024/08/24/ciencia/opiniao/pseudociencia-universidade-2101599,"Pseudociência na universidade",publico.pt,desinformacao,Público,0,"2026-03-13 16:15:08.195413+00",,
a83bc8c4-2022-4fa5-8616-5d2ec633cace,https://www.bbc.com/portuguese/geral-54727068,"Pseudociências matam: manifesto de 2750 especialistas",bbc.com,desinformacao,"BBC Portuguese",0,"2026-03-13 16:15:08.195413+00",,
9c7282ea-f5d5-477e-88a2-cae64a804fa7,https://24noticias.sapo.pt/atualidade/artigos/homeopatia-negacionismo-climatico-anti-vacinas-sao-pseudociencia-quando-a-ciencia-parece-mas-nao-e,"Homeopatia, negacionismo, anti-vacinas",24noticias.sapo.pt,desinformacao,"24 Notícias",0,"2026-03-13 16:15:08.195413+00",,
e3bb000f-4e7c-4af6-ad46-020906347b75,https://www.imune.pt/,"imune.pt – Informação verificada sobre vacinas",imune.pt,desinformacao,"Portal de informação sobre vacinas",0,"2026-03-13 16:15:08.195413+00",,
e0c24b83-22bc-4826-90dd-d60759045489,https://www.nutripedia.it/category/fakenews/,"Fake news – NutriPedia",nutripedia.it,desinformacao,NutriPedia,0,"2026-03-13 16:15:08.195413+00",,
1e2ba561-4660-409f-b49b-9f39ff6125eb,https://poligrafo.sapo.pt/saude/vacinas-da-covid-19-5-mentiras-e-narrativas-virais-que-podem-repetir-se-no-futuro/,"Vacinas da Covid: 5 mentiras",poligrafo.sapo.pt,desinformacao,Polígrafo,0,"2026-03-13 16:15:08.195413+00",,
6d26f17e-6fb7-40bc-942f-e33763d14b5d,https://www.publico.pt/2025/04/27/impar/opiniao/influencers-nutricao-perigos-nova-digital-2130864,"Influencers e nutrição: os perigos",publico.pt,desinformacao,Público,0,"2026-03-13 16:15:08.195413+00",,
ecb64e8b-70be-4a67-8784-55d59a315096,https://www.bmj.com/content/391/bmj-2025-086061,"Responding to medical advice from social media influencers",bmj.com,desinformacao,"The BMJ",0,"2026-03-13 16:15:08.195413+00",,
b2c2885f-45a1-4ca6-8431-429d9da55c5d,https://saludconevidencia.aemps.gob.es/,"Campaña 'Remedios siempre con evidencia científica'",aemps.gob.es,desinformacao,"AEMPS Espanha",0,"2026-03-13 16:15:08.195413+00",,
7c7371b0-966b-4093-a402-830555349472,https://www.who.int/news/item/23-09-2020-managing-the-covid-19-infodemic-promoting-healthy-behaviours-and-mitigating-the-harm-from-misinformation-and-disinformation,"WHO: Managing the COVID-19 infodemic",who.int,desinformacao,OMS,0,"2026-03-13 16:15:08.195413+00",,
7be3e0f9-6b2c-4a56-aa59-dcf69a300356,https://www.publico.pt/2023/12/29/ciencia/noticia/nao-ha-meritocracia-sorte-conta-2073261,"Não há meritocracia, a sorte conta muito",publico.pt,igualdade_social,Público,0,"2026-03-13 16:15:08.195413+00",,
9fd5b798-36c6-40ae-b2c8-241ed78e99a7,https://www.publico.pt/perder-amigos-rapidamente,"Como perder amigos rapidamente",publico.pt,igualdade_social,Público,0,"2026-03-13 16:15:08.195413+00",,
f393316f-08db-44a1-864d-90d0a84cb6f3,https://www.publico.pt/2023/06/24/opiniao/opiniao/it-takes-two-to-tango-papel-minorias-literacia-saude-2054276,"Minorias e literacia em saúde",publico.pt,igualdade_social,"Público — It takes two to tango",0,"2026-03-13 16:15:08.195413+00",,
64840267-7fb8-433b-9cb0-b91c8f69f3bc,https://sicnoticias.pt/pais/2025-11-01-pais-que-nao-vacinam-filhos-tem-ensino-superior-e-elevado-poder-economico-revela-estudo-11bb2e81,"Pais que não vacinam têm ensino superior",sicnoticias.pt,igualdade_social,"SIC Notícias",0,"2026-03-13 16:15:08.195413+00",,
5b7231bf-7542-4636-b679-afb3e3529399,https://zeroemcomportamento.org/17-raparigas-maternidade-e-adolescencia-em-portugal/,"Maternidade e adolescência em Portugal",zeroemcomportamento.org,igualdade_social,"Zero em Comportamento",0,"2026-03-13 16:15:08.195413+00",,
6eaad0c6-3d03-4cf6-80e5-b45f08de1756,https://healthnews.pt/2025/11/14/genericos-facilitam-acesso-e-economizam-62-milhoes-ao-sns-em-2025/,"Genéricos economizam 62 milhões ao SNS",healthnews.pt,igualdade_social,HealthNews,0,"2026-03-13 16:15:08.195413+00",,
a3a92ae5-b23b-4148-8ae7-58799282d86b,https://diariodarepublica.pt/dr/legislacao-consolidada/lei/2021-164870244,"Carta Portuguesa de Direitos Humanos na Era Digital",diariodarepublica.pt,igualdade_social,"Diário da República",0,"2026-03-13 16:15:08.195413+00",,
9ebd53f6-974b-4e2a-a8ea-4cc0affc51d2,https://www.who.int/world-health-day/world-health-day-2019/fact-sheets/details/primary-health-care,"Primary Health Care – WHO Fact Sheet",who.int,cuidados_saude_primarios,OMS,0,"2026-03-13 16:15:08.195413+00",,
db8b4635-0861-4611-8c22-1a50fb219936,https://www.youtube.com/watch?v=C4_tNzt1XTw,"ERS: Direito à Informação",youtube.com,cuidados_saude_primarios,"Entidade Reguladora da Saúde",0,"2026-03-13 16:15:08.195413+00",,
d1f170db-d9fb-4591-b487-b5d3ac5ec0eb,https://www.eventos.ordemdospsicologos.pt/product/livro-cuidados-de-saude-primarios/,"Livro Cuidados de Saúde Primários",ordemdospsicologos.pt,cuidados_saude_primarios,"Ordem dos Psicólogos",0,"2026-03-13 16:15:08.195413+00",,
98765ff7-e238-43af-a1ef-64e32d4f19da,https://cnsaude.pt/galeria/a-importancia-dos-cuidados-de-saude-primarios/,"A importância dos CSP",cnsaude.pt,cuidados_saude_primarios,"Convenção Nacional de Saúde",0,"2026-03-13 16:15:08.195413+00",,
5c175b47-bba8-45c7-852f-07ac0ecb12b2,https://www.dgs.pt/em-destaque/dgs-publica-relatorio-saude-e-dignidade-menstrual-resultados-do-inquerito-vamos-falar-de-menstruacao.aspx,"DGS: Saúde e Dignidade Menstrual",dgs.pt,cuidados_saude_primarios,DGS,0,"2026-03-13 16:15:08.195413+00",,
a86ca88e-78a4-4c6e-a1c7-a93c72daa135,https://pubmed.ncbi.nlm.nih.gov/39123226/,"Primary health care coverage in Portugal",pubmed.ncbi.nlm.nih.gov,cuidados_saude_primarios,PubMed,0,"2026-03-13 16:15:08.195413+00",,
6168945c-4997-45e1-ac2a-dde76e6a157c,https://rpmgf.pt/ojs/index.php/rpmgf/pt/article/view/14064,"Evolução dos CSP em Portugal",rpmgf.pt,cuidados_saude_primarios,"Revista Portuguesa MGF",0,"2026-03-13 16:15:08.195413+00",,
e0b72d60-ec5c-4b1c-9dfa-9988ef5d9b13,https://www.chlo.min-saude.pt/index.php/informacao-ao-utente/descomplicarcsp,"Descomplicar os Cuidados de Saúde Primários",chlo.min-saude.pt,cuidados_saude_primarios,CHLO,0,"2026-03-13 16:15:08.195413+00",,
82db194e-3fb0-416f-bcda-e530174ff0e9,https://www.fnam.pt/seccoes/comunicados/novo-despacho-do-ministerio-da-saude-ameaca-destruir-os-cuidados-de-saude-primarios,"Novo despacho ameaça os CSP",fnam.pt,cuidados_saude_primarios,FNAM,0,"2026-03-13 16:15:08.195413+00",,
c9ae7ac8-ec46-42d5-a61a-0d7b75601843,https://pns.dgs.pt/,"PNS 2030 – Plano Nacional de Saúde",pns.dgs.pt,cuidados_saude_primarios,DGS,0,"2026-03-13 16:15:08.195413+00",,
b5bb9679-db07-43d2-aee4-5dcff1402d3a,https://www.ordemdospsicologos.pt/pt/noticia/5634,"Saúde Menstrual",ordemdospsicologos.pt,cuidados_saude_primarios,"Ordem dos Psicólogos",0,"2026-03-13 16:15:08.195413+00",,
66a19651-7d40-4c3d-acc0-fd68e409bfd1,https://pensarnutricao.pt/pensar-nutricao/,"Pensar Nutrição",pensarnutricao.pt,cuidados_saude_primarios,"Blog Pensar Nutrição",0,"2026-03-13 16:15:08.195413+00",,
870d5198-0af6-4823-916c-a6e958e3aaed,https://alimentacaosaudavel.dgs.pt/,"PNPAS – Programa Nacional Alimentação Saudável",alimentacaosaudavel.dgs.pt,cuidados_saude_primarios,DGS,0,"2026-03-13 16:15:08.195413+00",,
8b38e800-923a-47e3-9be5-b219b48f3518,https://www.gatportugal.org/noticias,"GAT Portugal – Notícias VIH/SIDA",gatportugal.org,cuidados_saude_primarios,"GAT Portugal",0,"2026-03-13 16:15:08.195413+00",,
2df087c1-570e-4126-b494-6160609c5ac6,https://cuidadatuafertilidade.pt/,cuidadatuafertilidade.pt,cuidadatuafertilidade.pt,cuidados_saude_primarios,"Portal fertilidade",0,"2026-03-13 16:15:08.195413+00",,
78256d2b-f974-4558-a054-9f7fc92e07d8,https://www.infarmed.pt/web/infarmed/cidadaos/saber-mais-sobre/campanhas/-/journal_content/56/15786/2736256,"INFARMED: #PodeConfiar (campanha genéricos)",infarmed.pt,cuidados_saude_primarios,INFARMED,0,"2026-03-13 16:15:08.195413+00",,
569d1678-6d84-482b-afb4-27f0799299f7,https://papers.ssrn.com/sol3/papers.cfm?abstract_id=3360734,"A Little Knowledge is a Dangerous Thing",ssrn.com,dunning_kruger,"SSRN — Joana Gonçalves-Sá",0,"2026-03-13 16:15:08.195413+00",,
d6fec141-c1fa-45ad-8317-5ffa99c6be03,https://shifter.pt/2024/03/joana-goncalves-sa-ciencia-entrevista/,"Joana G. Sá: Não há compreensão do papel da ciência",shifter.pt,dunning_kruger,Shifter,0,"2026-03-13 16:15:08.195413+00",,
b37b1353-eb71-4ad8-915c-cfac3e9c367e,https://www.publico.pt/2023/09/03/ciencia/noticia/richard-j-roberts-nao-sabe-nada-ciencia-nao-interferir-politica-2060508,"Quem não sabe nada de ciência não devia interferir na política",publico.pt,dunning_kruger,"Público — Richard J. Roberts",0,"2026-03-13 16:15:08.195413+00",,
734dee7c-c4cf-4ed3-bfda-11411808f611,https://nap.nationalacademies.org/read/5287/chapter/5,"Misconceptions as Barriers to Understanding Science",nap.nationalacademies.org,dunning_kruger,"National Academies Press",0,"2026-03-13 16:15:08.195413+00",,
33298e2c-d981-4cb0-ae9c-eeaa8747ae39,https://www.publico.pt/2025/03/16/ciencia/opiniao/caca-bruxas-internet-ciencia-revisitar-carl-sagan-2125178,"Caça às bruxas, Internet e ciência: revisitar Carl Sagan",publico.pt,dunning_kruger,Público,0,"2026-03-13 16:15:08.195413+00",,
0c71ec96-7d67-49b1-919d-5b5a2d7896c7,https://rationallyspeaking.blogspot.com/,"Rationally Speaking – Julia Galef",rationallyspeaking.blogspot.com,dunning_kruger,"Podcast e blog de Julia Galef",0,"2026-03-13 16:15:08.195413+00",,
c4fc80a9-5c00-4e51-9c4d-d5b6adf0dfd2,https://kbsgk12project.kbs.msu.edu/wp-content/uploads/2011/02/draw-a-scientist-test.pdf,"Draw-a-Scientist Test",kbs.msu.edu,dunning_kruger,"MSU — recurso pedagógico",0,"2026-03-13 16:15:08.195413+00",,
a5f57132-5673-4e31-9bc3-6ac4a7f2bad8,https://www.youtube.com/watch?v=U8HEwO-2L4w,"Carl Sagan: Last Interview with Charlie Rose",youtube.com,dunning_kruger,YouTube,0,"2026-03-13 16:15:08.195413+00",,
53f705e0-2a91-45f0-8f96-67be93bf374c,https://www.publico.pt/2020/02/18/ciencia/noticia/ciencia-julgamento-1904438,"A ciência em julgamento",publico.pt,dunning_kruger,Público,0,"2026-03-13 16:15:08.195413+00",,
fca71595-d93c-4693-a9ac-628f237dd24e,https://www.england.nhs.uk/personalisedcare/health-literacy/,"NHS: Enabling people to make informed health decisions",england.nhs.uk,comunicacao_cientifica,"NHS England",0,"2026-03-13 16:15:08.195413+00",,
9399ce28-d51d-47d1-a896-17233bd7f838,https://cbr.fm.ucp.pt/litup,"Programa Lit Up – CBR / UCP",cbr.fm.ucp.pt,comunicacao_cientifica,UCP,0,"2026-03-13 16:15:08.195413+00",,
935d2442-4962-4c08-8ce7-2db49525b158,https://www.ensp.unl.pt/2022/09/22/literacia-em-saude-da-evidencia-cientifica-a-acao/,"ENSP: Literacia em Saúde – da evidência à ação",ensp.unl.pt,comunicacao_cientifica,ENSP,0,"2026-03-13 16:15:08.195413+00",,
6be11eda-97fc-40ff-a035-6a54ea6c26a6,https://splsportugal.com/sobre/,"SPLS Portugal – Sociedade Portuguesa de Literacia em Saúde",splsportugal.com,comunicacao_cientifica,SPLS,0,"2026-03-13 16:15:08.195413+00",,
4925373b-dc42-4e6e-9a44-4018eba0d0fa,https://www.sns.gov.pt/noticias/2021/11/15/acao-para-a-literacia-em-saude/,"SNS: Ação para a Literacia em Saúde",sns.gov.pt,comunicacao_cientifica,SNS,0,"2026-03-13 16:15:08.195413+00",,
35f83a50-597c-4bdf-90de-1f400e552905,https://ffms.pt/pt-pt/atualmentes/comunicar-ciencia-e-preciso,"Comunicar (ciência) é preciso",ffms.pt,comunicacao_cientifica,FFMS,0,"2026-03-13 16:15:08.195413+00",,
263fcf54-2413-4ad4-b194-dd21456d8d65,https://www.informedhealth.org/,informedhealth.org,informedhealth.org,comunicacao_cientifica,"Benchmark europeu de literacia em saúde",0,"2026-03-13 16:15:08.195413+00",,
e86b2d73-6c2b-40e0-9ca0-d90af2441a59,https://letstalkaboutmentalhealth.com/,"Let's Talk About Mental Health",letstalkaboutmentalhealth.com,comunicacao_cientifica,"Campanha internacional",0,"2026-03-13 16:15:08.195413+00",,
f81995c7-f88a-4fad-945a-0c9640fdeb4b,https://www.publico.pt/2021/03/02/ciencia/noticia/ano-arn-entrou-bocas-mundo-1952369,"O ano em que o ARN entrou nas bocas do mundo",publico.pt,comunicacao_cientifica,Público,0,"2026-03-13 16:15:08.195413+00",,
eb7f0af5-7aec-46e1-ac0d-1b9fef3fa576,https://www.publico.pt/2021/08/11/opiniao/opiniao/promocao-cultura-cientifica-nao-so-politica-simpatica-urgencia-1973721,"A promoção da cultura científica é uma urgência",publico.pt,comunicacao_cientifica,Público,0,"2026-03-13 16:15:08.195413+00",,
a311ab67-9c38-4349-b325-98e0ec186682,https://www.publico.pt/2025/11/30/sociedade/noticia/vih-historia-sobrevivencia-40-anos-2155965,"VIH, uma história de sobrevivência com 40 anos",publico.pt,comunicacao_cientifica,Público,0,"2026-03-13 16:15:08.195413+00",,
4eb74563-15f4-4d4d-8f5c-d530b4058b6a,https://comunidadeculturaearte.com/entrevista-david-marcal-os-paises-nao-tem-ciencia-porque-sao-ricos-os-paises-sao-ricos-porque-tem-ciencia/,"David Marçal: Os países são ricos porque têm ciência",comunidadeculturaearte.com,comunicacao_cientifica,CCA,0,"2026-03-13 16:15:08.195413+00",,
d91da534-9114-4edf-8e7f-d2155620e1a9,https://www.gregadunn.com/,"Greg Dunn – Neuroarte",gregadunn.com,comunicacao_cientifica,"Arte e neurociência",0,"2026-03-13 16:15:08.195413+00",,
52619402-06d4-48aa-9445-6fb547b27bbf,https://dererummundi.blogspot.com/,"De Rerum Natura – Carlos Fiolhais",dererummundi.blogspot.com,comunicacao_cientifica,"Blog Carlos Fiolhais",0,"2026-03-13 16:15:08.195413+00",,
2593c92a-9a18-42fa-aeb7-e024ec8db506,https://www.researchgate.net/publication/383476694_Health_Is_Not_Rocket_Science_The_General_Nutritional_and_Oral_Health_Literacy_of_Portuguese_Adolescents,"Health literacy of Portuguese adolescents",researchgate.net,comunicacao_cientifica,ResearchGate,0,"2026-03-13 16:15:08.195413+00",,
8649fc72-e1e3-4961-a32e-16368c803f2a,https://nutriscore-europe.com/,"Nutriscore Europe",nutriscore-europe.com,comunicacao_cientifica,"Portal europeu NutriScore",0,"2026-03-13 16:15:08.195413+00",,
e9496b14-18c4-4573-8993-d6ebd7476b0f,https://www.youtube.com/watch?v=ZyuTCbXgsKo,"António Damásio: A Ciência dos Sentimentos",youtube.com,comunicacao_cientifica,"YouTube — Damásio",0,"2026-03-13 16:15:08.195413+00",,
f38755e4-eeab-40f9-a142-ea1d6fce02c3,https://www.nbcnews.com/think/opinion/celebrities-gwyneth-paltrow-made-2010s-decade-health-wellness-misinformation-ncna1107501,"Celebrities like Gwyneth Paltrow made the 2010s the decade of health misinformation",nbcnews.com,desinformacao,"NBC News — padrão celebrity wellness e desinformação em saúde",0,"2026-03-13 17:04:08.922449+00",,
78475f85-77d5-46ea-b513-8c1868849459,https://www.spp.pt/default.asp,"Sociedade Portuguesa de Pediatria",SPP,fontes_referencia,"Sociedade científica de referência em pediatria. Sem RSS — consulta directa ao site para actualizações, congressos e publicações.",100,"2026-03-27 21:12:04.15772+00",,
bef5aca6-fcd9-4bf5-badc-ddc6f8e7260f,https://www.portugal.gov.pt/pt/gc24/area-de-governo/saude,"Governo de Portugal — Área da Saúde",Portugal.gov.pt,fontes_referencia,"Portal oficial do Governo com comunicados, legislação e políticas de saúde. Sem RSS — monitorização manual.",101,"2026-03-27 21:12:04.15772+00",,
2c65592c-aa7d-4ba5-bd5a-6d5c78af027a,https://www.ordemenfermeiros.pt/,"Ordem dos Enfermeiros","Ordem dos Enfermeiros",fontes_referencia,"Integrada nos RSS feeds (recolha automática de notícias). Referência para cuidados de saúde primários e enfermagem comunitária.",102,"2026-03-27 21:12:04.15772+00",,
66f815ac-faee-400c-b855-a2566c13ed7e,https://agenda.newsfarma.pt/,"NewsFarma — Agenda de Eventos de Saúde",NewsFarma,fontes_referencia,"Calendário de congressos, formações e eventos médicos em Portugal. Canal YouTube integrado na monitorização. Sem RSS.",103,"2026-03-27 21:12:04.15772+00",,
422d82f3-54ea-47a1-af3a-2e4fac6395fa,https://www.msdmanuals.com/pt-pt,"MSD Manuals — Versão para Profissionais de Saúde","MSD Manuals",fontes_referencia,"Referência clínica gratuita e peer-reviewed. Útil para verificação científica de claims de saúde e contextualização de temas emergentes.",104,"2026-03-27 21:12:04.15772+00",,
d62311b5-e8bd-4f6e-a3d0-077df83a1920,"","Comissão Nacional da Saúde Materna, da Criança e do Adolescente",CNSMCA,fontes_referencia,"Comissão de referência para saúde da mulher e materna. Sem website próprio identificado — contacto via DGS ou Ministério da Saúde.",105,"2026-03-27 21:12:04.15772+00",,
8c41e546-1449-4639-a0ea-181f233d9676,https://spreumatologia.pt/,"Sociedade Portuguesa de Reumatologia",SPR,fontes_referencia,"RSS + YouTube integrados. Reumatologia, doenças autoimunes, artrite.",110,"2026-03-27 21:27:47.010254+00",,
43893444-4a28-454f-ac2d-3d8996a0707e,https://spginecologia.pt/,"Sociedade Portuguesa de Ginecologia",SPG,fontes_referencia,"RSS + YouTube integrados. Saúde da mulher, menopausa, ginecologia.",111,"2026-03-27 21:27:47.010254+00",,
2fa4f6a0-b084-4ce9-9583-e1dacbfcf07f,https://www.spci.pt/,"Sociedade Portuguesa de Cuidados Intensivos",SPCI,fontes_referencia,"YouTube integrado. Sem RSS. Medicina intensiva e emergência.",112,"2026-03-27 21:27:47.010254+00",,
4b9d5aad-d033-402a-bf73-a04526434205,https://sppneumologia.pt/,SPPneumologia,SPPneumologia,fontes_referencia,"RSS + YouTube integrados. Doenças respiratórias, asma, DPOC.",113,"2026-03-27 21:27:47.010254+00",,
25bd766a-5e6d-42c3-a749-edb924236f5d,https://splsportugal.pt/,"Sociedade Portuguesa de Literacia em Saúde",SPLS,fontes_referencia,"RSS + YouTube integrados. Literacia em saúde, comunicação, empoderamento.",114,"2026-03-27 21:27:47.010254+00",,
ca0de42c-5d27-4be3-93c0-cdebf7e7d404,https://sppcv.org/,"Sociedade Portuguesa Patologia Coluna Vertebral",SPPCV,fontes_referencia,"RSS + YouTube integrados. Patologia da coluna, dor crónica.",115,"2026-03-27 21:27:47.010254+00",,
d2c0517d-6614-43b0-92b3-4f0d400fc444,https://www.cnc.uc.pt/pt,"Centro de Neurociências e Biologia Celular","CNC UC",fontes_referencia,"RSS + YouTube integrados. Neurociência, investigação fundamental, Universidade de Coimbra.",116,"2026-03-27 21:27:47.010254+00",,
55ee4c96-7915-43ea-aad9-a27e80045fc0,https://spem.pt/,"Sociedade Portuguesa de Esclerose Múltipla",SPEM,fontes_referencia,"RSS + YouTube integrados. Esclerose múltipla, apoio ao doente.",117,"2026-03-27 21:27:47.010254+00",,
2c66f1a9-014c-4d08-a9b0-8d4897aa7de5,https://gulbenkian.pt/,"Fundação Calouste Gulbenkian",Gulbenkian,fontes_referencia,"YouTube integrado. Sem RSS funcional. Ciência, saúde, cultura.",118,"2026-03-27 21:27:47.010254+00",,
83281274-7c32-47ce-a876-897d27fd91c2,https://gimm.pt/,"GIMM Gulbenkian Institute for Molecular Medicine",GIMM,fontes_referencia,"RSS + YouTube integrados. Medicina molecular, investigação biomédica.",119,"2026-03-27 21:27:47.010254+00",,
31b7e70a-b5f8-44ad-bc43-1e3ff7a9740c,https://nutrimento.pt/,"Nutrimento — Programa Nacional para a Promoção da Alimentação Saudável","PNPAS / DGS",fontes_referencia,"RSS integrado. Portal de referência nacional para alimentação saudável, nutrição e políticas alimentares. Fonte principal para o eixo Alimentação.",120,"2026-03-27 21:31:12.611063+00",,
f1ddd258-8fdd-466b-a2d0-29c4694de62e,https://alimentacaosaudavel.dgs.pt/,"Alimentação Saudável — DGS",DGS,fontes_referencia,"RSS + YouTube integrados. Recursos de literacia alimentar, guias e campanhas da DGS. Fonte principal para o eixo Alimentação.",121,"2026-03-27 21:31:12.611063+00",,
f91c7426-0052-47eb-b6ce-e0bf67142230,https://eipas.pt/,"EIPAS — Estratégia Integrada para a Promoção da Alimentação Saudável","EIPAS / DGS",fontes_referencia,"RSS integrado. Estratégia nacional intersectorial para alimentação saudável. Fonte institucional para o eixo Alimentação.",122,"2026-03-27 21:34:12.477184+00",,
0db66894-4db6-4563-a262-7c7b2977874b,https://www.90segundosdeciencia.pt/,"90 Segundos de Ciência","90 Segundos de Ciência",fontes_referencia,"RSS + YouTube integrados. Podcast e plataforma de divulgação científica da Fundação Francisco Manuel dos Santos e Antena 1.",125,"2026-03-27 21:47:49.143344+00",,
2c27ae99-1c7f-4c24-8ee6-0e0c031d36c0,https://spc.pt/,"Sociedade Portuguesa de Cardiologia",SPC,fontes_referencia,"RSS + YouTube integrados. Cardiologia, doenças cardiovasculares, prevenção.",130,"2026-03-27 22:16:03.376114+00",,
57280498-a83e-487a-81b3-8495c5bd1c39,https://www.spneurologia.com/,"Sociedade Portuguesa de Neurologia",SPN,fontes_referencia,"Sem RSS nem YouTube. Neurologia, AVC, doenças neurodegenerativas.",131,"2026-03-27 22:16:03.376114+00",,
92c07367-3720-47a0-9cc1-df26f19fe504,https://spsp.pt/,"Sociedade Portuguesa de Saúde Pública",SPSP,fontes_referencia,"RSS integrado. Saúde pública, epidemiologia, políticas de saúde.",132,"2026-03-27 22:16:03.376114+00",,
be744ce6-c9bc-47ea-b50e-f4b115fb609b,https://www.spdm.org.pt/,"Sociedade Portuguesa das Doenças Metabólicas",SPDM,fontes_referencia,"Sem RSS nem YouTube. Doenças metabólicas, diabetes, doenças raras.",133,"2026-03-27 22:16:03.376114+00",,
1005b50c-9196-48ae-90e7-a0324b20f844,https://www.spedm.pt/pt,"Sociedade Portuguesa de Endocrinologia, Diabetes e Metabolismo",SPEDM,fontes_referencia,"YouTube integrado. Sem RSS. Endocrinologia, diabetes, tiróide.",134,"2026-03-27 22:16:03.376114+00",,
0e05605d-2965-4c81-8dc5-48c3a915d0dc,https://www.cruzvermelha.pt/,"Cruz Vermelha Portuguesa","Cruz Vermelha",fontes_referencia,"YouTube integrado. Sem RSS. Emergência, primeiros socorros, acção humanitária.",135,"2026-03-27 22:16:03.376114+00",,
027b7936-ba4d-471b-8d26-5e9d66f0db36,https://apav.pt/,"APAV — Associação Portuguesa de Apoio à Vítima",APAV,fontes_referencia,"RSS + YouTube integrados. Violência doméstica, apoio à vítima, saúde mental.",136,"2026-03-27 22:16:03.376114+00",,
151584e6-cac1-4fc4-a584-af3a3bf92a9f,https://cpsa.pt/,"Conselho Português para a Saúde e Ambiente",CPSA,fontes_referencia,"RSS + YouTube integrados. Saúde ambiental, poluição, alterações climáticas e saúde.",137,"2026-03-27 22:16:03.376114+00",,
6ded2018-05b5-4042-949a-e18a1df22e2a,https://www.bial.com/pt,Bial,Bial,fontes_referencia,"RSS + YouTube integrados. Farmacêutica portuguesa, neurociências, epilepsia, investigação.",138,"2026-03-27 22:16:03.376114+00",,
4f7b24bf-8727-403c-83a1-8f9adcec18bd,https://spesf.pt/,"Sociedade Portuguesa Enfermagem de Saúde Familiar",SPESF,fontes_referencia,"RSS integrado. Enfermagem familiar, cuidados de saúde primários.",139,"2026-03-27 22:16:03.376114+00",,
d39c18af-fae5-45e7-925a-e897c481ab4b,https://www.grupohpa.com/pt/,"Grupo HPA Saúde",HPA,fontes_referencia,"YouTube integrado. Sem RSS. Grupo hospitalar privado, Algarve.",140,"2026-03-27 22:16:03.376114+00",,
8488cfa4-d5e3-470f-b147-176ee2f336be,http://www.apurologia.pt/,"Associação Portuguesa de Urologia",Urologia,fontes_referencia,"Urologia, cancro da próstata, incontinência urinária, saúde masculina.",201,"2026-03-27 22:19:52.467223+00",,
a57eb0be-3562-444a-b655-8cb485d172aa,http://www.fspog.com/pt/,"Federação das Sociedades Portuguesas de Obstetrícia e Ginecologia",FSPOG,fontes_referencia,"Federação que agrega as sociedades de obstetrícia e ginecologia. Saúde da mulher, parto, gravidez.",203,"2026-03-27 22:19:52.467223+00",,
729ebd39-b1fc-47f4-846b-757b8fcecb25,http://www.nedo.pt/,"Núcleo de Endocrinologia, Diabetes e Obesidade",NEDO,fontes_referencia,"Endocrinologia, diabetes tipo 2, obesidade. Grupo de estudo integrado na SPEDM.",204,"2026-03-27 22:19:52.467223+00",,
e2d0ca83-6a1c-402a-9c2a-61b5dd7518bc,http://www.spdc.pt/,"Sociedade Portuguesa da Contracepção",SPDC,fontes_referencia,"Contracepção, planeamento familiar, saúde sexual e reprodutiva.",205,"2026-03-27 22:19:52.467223+00",,
2e8e15fc-818b-4cae-9b10-c6f10d8e2300,http://www.spaic.pt/,"Sociedade Portuguesa de Alergologia e Imunologia Clínica",SPAIC,fontes_referencia,"Alergias, asma, doenças autoimunes, imunodeficiências. Referência para alergias alimentares.",207,"2026-03-27 22:19:52.467223+00",,
388ae5ac-87c2-452c-bddd-c12d7e6fca8f,http://www.spandrologia.pt/,"Sociedade Portuguesa de Andrologia",Andrologia,fontes_referencia,"Saúde masculina, infertilidade masculina, disfunção eréctil, andropausa.",208,"2026-03-27 22:19:52.467223+00",,
2c14610b-02b4-4fc9-aba4-11d3647b378a,http://www.spanestesiologia.pt/,"Sociedade Portuguesa de Anestesiologia",Anestesiologia,fontes_referencia,"Anestesiologia, medicina perioperatória, controlo da dor, cuidados intensivos.",209,"2026-03-27 22:19:52.467223+00",,
341fc1a3-18b3-425a-9a10-9fde154e69e1,http://www.spaterosclerose.org/,"Sociedade Portuguesa de Aterosclerose",Aterosclerose,fontes_referencia,"Aterosclerose, colesterol, risco cardiovascular, prevenção de enfarte.",211,"2026-03-27 22:19:52.467223+00",,
3e870101-989a-4cf7-8ec2-3fedcdfc4720,http://www.cefaleias-spc.com/,"Sociedade Portuguesa de Cefaleias",Cefaleias,fontes_referencia,"Cefaleias, enxaqueca, dor de cabeça crónica. Diagnóstico e tratamento.",212,"2026-03-27 22:19:52.467223+00",,
5256fd98-70d6-4763-a984-d4198b8df75f,http://www.spcir.com/,"Sociedade Portuguesa de Cirurgia",Cirurgia,fontes_referencia,"Cirurgia geral, formação cirúrgica, inovação em técnicas operatórias.",214,"2026-03-27 22:19:52.467223+00",,
9b1426bd-6ed0-447d-844d-09c9b639b32d,http://www.spcctv.pt/,"Sociedade Portuguesa de Cirurgia Cardiotorácica e Vascular",SPCCTV,fontes_referencia,"Cirurgia cardíaca, torácica e vascular. Transplante cardíaco, cirurgia valvular.",215,"2026-03-27 22:19:52.467223+00",,
35cfe09d-b3c1-4c8b-8aed-43d0dc70468c,http://www.spco.pt/,"Sociedade Portuguesa de Cirurgia da Obesidade e Doenças Metabólicas",SPCO,fontes_referencia,"Cirurgia bariátrica, tratamento cirúrgico da obesidade mórbida e doenças metabólicas associadas.",216,"2026-03-27 22:19:52.467223+00",,
6b2c60ab-decb-4568-9e64-acbaec98e184,http://www.spd.pt/,"Sociedade Portuguesa de Diabetologia",SPD,fontes_referencia,"Diabetes tipo 1 e 2, insulinoterapia, prevenção de complicações diabéticas. Educação do doente.",218,"2026-03-27 22:19:52.467223+00",,
9343f6b1-da96-4b9c-9a44-7ca4ba79180a,http://www.sped.pt/,"Sociedade Portuguesa de Endoscopia Digestiva",SPED,fontes_referencia,"Endoscopia digestiva, colonoscopia, rastreio de cancro colorrectal, doenças do tubo digestivo.",219,"2026-03-27 22:19:52.467223+00",,
731bc37e-b413-4e9d-a386-e4cfe6bc7022,http://www.spgh.net/,"Sociedade Portuguesa de Genética Humana",SPGH,fontes_referencia,"Genética médica, doenças genéticas raras, aconselhamento genético, diagnóstico pré-natal.",221,"2026-03-27 22:19:52.467223+00",,
9118f9d7-434a-48ad-a68f-3688e94a1c6b,http://www.sph.org.pt/,"Sociedade Portuguesa de Hematologia",SPH,fontes_referencia,"Doenças do sangue, leucemia, linfoma, anemias, coagulação, transplante de medula.",222,"2026-03-27 22:19:52.467223+00",,
d697ea8b-6528-4ce6-bbe0-1bc5764bdb1e,http://www.sphepatologia.pt/,"Sociedade Portuguesa de Hepatologia",Hepatologia,fontes_referencia,"Doenças do fígado, hepatite, cirrose, esteatose hepática, transplante hepático.",223,"2026-03-27 22:19:52.467223+00",,
463a75d8-8665-437f-96af-92e4437cde06,http://www.aptferidas.com/,"Associação Portuguesa de Tratamento de Feridas",Feridas,fontes_referencia,"Prevenção e tratamento de feridas crónicas e agudas. Formação e investigação em cicatrização.",200,"2026-03-27 22:19:52.467223+00",,
bb0a8648-9c3c-4c89-8855-3bc45e690d33,http://www.spat.pt/,"Associação Portuguesa de Artroscopia e Traumatologia Desportiva",SPAT,fontes_referencia,"Artroscopia, traumatologia desportiva, lesões musculoesqueléticas em atletas.",202,"2026-03-27 22:19:52.467223+00",,
82893765-4fdf-4305-aeea-8952f875d2c4,http://www.spmr.pt/,"Sociedade Portuguesa de Medicina da Reprodução",SPMR,fontes_referencia,"Medicina da reprodução, fertilidade, procriação medicamente assistida.",206,"2026-03-27 22:19:52.467223+00",,
427a3752-bcb0-43bc-b39c-528cd91eed12,http://www.spacv.org/,"Sociedade Portuguesa de Angiologia e Cirurgia Vascular",SPACV,fontes_referencia,"Doenças vasculares, varizes, trombose, aneurismas, pé diabético.",210,"2026-03-27 22:19:52.467223+00",,
ca46b8b1-32e8-4e22-a341-02850927129e,http://www.spcna.pt/,"Sociedade Portuguesa de Ciências da Nutrição e Alimentação",SPCNA,fontes_referencia,"Investigação em nutrição e alimentação. Evidência científica para políticas nutricionais.",213,"2026-03-27 22:19:52.467223+00",,
bd3b1d85-b55e-4f34-871b-91d13ce28306,http://www.spcp.com.pt/,"Sociedade Portuguesa de Cirurgia Pediátrica",SPCP,fontes_referencia,"Cirurgia em crianças e recém-nascidos. Malformações congénitas, patologia pediátrica cirúrgica.",217,"2026-03-27 22:19:52.467223+00",,
db341411-4c39-44c6-8879-a51543c3ed83,http://www.spg.pt/,"Sociedade Portuguesa de Gastrenterologia",SPG,fontes_referencia,"Doenças do aparelho digestivo, doença inflamatória intestinal, síndrome do intestino irritável.",220,"2026-03-27 22:19:52.467223+00",,
ca905009-9cf8-4140-a902-bd8dcd17f34f,http://www.sphta.org.pt/,"Sociedade Portuguesa de Hipertensão",SPHTA,fontes_referencia,"Hipertensão arterial, risco cardiovascular, prevenção de AVC e enfarte. Monitorização e tratamento.",224,"2026-03-27 22:19:52.467223+00",,
7dd0bc83-9b6f-468d-b0c3-354e0cf1faca,http://www.spimunologia.org/,"Sociedade Portuguesa de Imunologia",Imunologia,fontes_referencia,"Sistema imunitário, imunodeficiências, vacinação, doenças autoimunes, imunoterapia.",225,"2026-03-27 22:19:52.467223+00",,
c35400a3-1e66-4fd1-aaef-e1ea18248519,http://www.spmfr.org/,"Sociedade Portuguesa de Medicina Física e de Reabilitação",SPMFR,fontes_referencia,"Reabilitação funcional, fisiatria, recuperação pós-AVC, dor crónica, mobilidade.",226,"2026-03-27 22:19:52.467223+00",,
94187956-888c-40d6-8e3e-53d4e2ade28a,http://www.spmi.pt/,"Sociedade Portuguesa de Medicina Interna",SPMI,fontes_referencia,"RSS integrado. Medicina interna, doente complexo, multimorbilidade. Publica várias vezes por semana.",227,"2026-03-27 22:19:52.467223+00",,
37a9514a-2a3a-4b9e-9aaa-88e3f767bd11,http://www.spmenopausa.pt/,"Sociedade Portuguesa de Menopausa","SP Menopausa",fontes_referencia,"Menopausa, perimenopausa, terapêutica hormonal, osteoporose pós-menopausa. Referência directa para o eixo Menopausa.",228,"2026-03-27 22:19:52.467223+00",,
e647d8e6-b82b-4a6a-99e5-ab3088613b51,http://www.spnefro.pt/,"Sociedade Portuguesa de Nefrologia",Nefrologia,fontes_referencia,"Doenças renais, insuficiência renal, diálise, transplante renal, prevenção da doença renal crónica.",229,"2026-03-27 22:19:52.467223+00",,
3a3d77d7-3e3b-487c-92a9-3c8ea1de758b,http://www.spn.org.pt/,"Sociedade Portuguesa de Neurociências",Neurociências,fontes_referencia,"Investigação em neurociências, cérebro, comportamento, doenças neurodegenerativas.",230,"2026-03-27 22:19:52.467223+00",,
919e1af3-5527-4ba0-8cc0-10c3007d419c,http://www.spnc.pt/,"Sociedade Portuguesa de Neurocirurgia",SPNC,fontes_referencia,"Cirurgia do sistema nervoso, tumores cerebrais, patologia da coluna, neurocirurgia funcional.",231,"2026-03-27 22:19:52.467223+00",,
89b8ea16-b0de-4c95-ac56-d9c21062c3ff,http://neuropediatria.pt/,"Sociedade Portuguesa de Neuropediatria",Neuropediatria,fontes_referencia,"RSS integrado. Neurologia pediátrica, epilepsia infantil, perturbações do neurodesenvolvimento, TDAH.",232,"2026-03-27 22:19:52.467223+00",,
9212fd26-a4be-4ab5-a8b4-19acdbdac620,http://www.spsuicidologia.pt/,"Sociedade Portuguesa de Suicidologia",Suicidologia,fontes_referencia,"Prevenção do suicídio, comportamentos autolesivos, saúde mental em crise. Referência directa para o eixo Saúde Mental.",233,"2026-03-27 22:19:52.467223+00",,
d6cceffa-0816-41cb-b74a-003cebcf5705,http://www.spt.pt/,"Sociedade Portuguesa de Transplantação",SPT,fontes_referencia,"Transplante de órgãos e tecidos, doação, imunossupressão, seguimento pós-transplante.",234,"2026-03-27 22:19:52.467223+00",,
f30d9eac-6eaf-47c6-9316-49fb32a038b2,http://www.spavc.org/,"Sociedade Portuguesa do Acidente Vascular Cerebral",SPAVC,fontes_referencia,"RSS integrado. Prevenção e tratamento do AVC, reabilitação, sinais de alerta. Tema de saúde pública.",235,"2026-03-27 22:19:52.467223+00",,
b10fac63-88e6-4b2f-9adc-c922be04dd51,http://www.speo-obesidade.pt/,"Sociedade Portuguesa para o Estudo da Obesidade",SPEO,fontes_referencia,"RSS integrado. Obesidade, excesso de peso, prevenção, políticas de saúde. Referência para o eixo Alimentação.",236,"2026-03-27 22:19:52.467223+00",,
b229d902-80b9-4ec3-9863-c1dbb5a8a9f1,http://www.sponcologia.pt/,"Sociedade Portuguesa de Oncologia",SPO,fontes_referencia,"Oncologia, cancro, rastreio, tratamento, investigação oncológica. Tema frequente de desinformação.",237,"2026-03-27 22:19:52.467223+00",,
3c9d0585-2376-4754-99c6-4a0fe99a8d2a,http://www.spot.pt/,"Sociedade Portuguesa de Ortopedia e Traumatologia",SPOT,fontes_referencia,"Ortopedia, fracturas, próteses articulares, traumatologia, medicina desportiva.",238,"2026-03-27 22:19:52.467223+00",,
1f280e34-7d44-44be-92a3-df06d47c4b30,http://www.sporl.pt/,"Sociedade Portuguesa de Otorrinolaringologia",SPORL,fontes_referencia,"Ouvido, nariz e garganta. Surdez, vertigens, apneia do sono, amigdalites.",239,"2026-03-27 22:19:52.467223+00",,
dc5be1cd-9eb3-488c-a528-eb7d2991eff7,https://www.spoftalmologia.pt/,"Sociedade Portuguesa de Oftalmologia",SPO,fontes_referencia,"Doenças oculares, cataratas, glaucoma, degenerescência macular, saúde visual.",240,"2026-03-27 22:19:52.467223+00",,
489904da-0310-4ee2-a558-525baf919abf,http://www.sppsm.org/,"Sociedade Portuguesa de Psiquiatria e Saúde Mental",SPPSM,fontes_referencia,"RSS integrado. Psiquiatria, perturbações mentais, políticas de saúde mental. Referência directa para o eixo Saúde Mental.",241,"2026-03-27 22:19:52.467223+00",,
85377df1-b86b-45bc-a9f0-2a10465e7bf8,http://www.sprmn.pt/,"Sociedade Portuguesa de Radiologia e Medicina Nuclear",SPRMN,fontes_referencia,"Imagiologia, ressonância magnética, TAC, PET, diagnóstico por imagem, radioterapia.",242,"2026-03-27 22:19:52.467223+00",,
e033b687-8c1e-4e8d-8159-3296553d93ce,http://www.spsenologia.pt/,"Sociedade Portuguesa de Senologia",Senologia,fontes_referencia,"Patologia mamária, cancro da mama, rastreio, diagnóstico precoce. Relevante para o eixo Menopausa.",243,"2026-03-27 22:19:52.467223+00",,
832d3b98-1b68-4639-821f-f5d966981ec6,http://www.spommf.pt/,"Sociedade Portuguesa de Obstetrícia e Medicina Materno Fetal",SPOMMF,fontes_referencia,"Gravidez de alto risco, medicina materno-fetal, diagnóstico pré-natal, parto.",244,"2026-03-27 22:19:52.467223+00",,
1f52bc06-7884-43a2-a9f6-3843b6ac9d5f,https://www.portugal.gov.pt/pt/gc24/area-de-governo/saude,"Governo de Portugal — Saúde","República Portuguesa",fontes_referencia,"Portal oficial do Ministério da Saúde — comunicados e política de saúde",0,"2026-04-12 12:48:22.677406+00",,