id,ordem,categoria,titulo,lead,corpo,referencias,ativo,created_at
6ac52fac-88b5-49bf-889a-44730d294e8a,2,Enquadramento,Infodemia,"Há vinte anos surgiu a palavra ""infodemia"". Hoje é o ambiente em que vivemos.","O conceito descreve a circulação acelerada de informação enganosa — alguns factos, misturados com medo, especulação e boatos, amplificados e retransmitidos rapidamente pelas modernas tecnologias de informação, com impacto desproporcional às realidades básicas. Um fenómeno que acompanhou a resposta à SARS, ao terrorismo, e que atingiu o seu pico durante a pandemia de COVID-19.

A ""pandemia da informação"" vem de fontes pouco credíveis e não verificadas que inundam a sociedade. Os meios de comunicação e a internet tornaram-se palco de campanhas de desinformação maciça. Aliado a esta corrente, o conceito de mito constrói uma percepção da realidade que abarca inúmeras crenças e formas de ver o mundo.

Quer entre o conceito de mito — algo divulgado como verdade — e de desinformação — como instrumento de manipulação —, encontra-se a mesma convicção profunda, mas sem sustento científico.

Num estudo publicado pelo British Medical Journal, Raffael Heiss e a sua equipa defendem a necessidade de regular o universo digital através da moderação e curadoria científica: ""Os conselhos médicos tendenciosos ou enganadores partilhados podem causar danos e exigem uma acção coordenada dos governos e das plataformas para proteger o público.""

""Social media use has reshaped the medical landscape. We must recognise the power of this multibillion-pound industry and work to curb the power of viral personal stories over scientific evidence.""
— BMJ, Evidence based medicine in the age of influence, 2025","[{""url"": ""https://www.washingtonpost.com"", ""label"": ""Rothkopf, D. J. — When the Buzz Bites Back, The Washington Post""}, {""url"": ""https://doi.org/10.1136/bmj.r2545"", ""label"": ""Heiss, R. et al. — BMJ 2025, Evidence based medicine in the age of influence""}, {""url"": """", ""label"": ""Fiske, J. — Introdução ao Estudo de Comunicação""}]",t,"2026-03-08 13:55:02.901289+00"
a7a60812-e30a-4808-be1a-5c3ebaaedb43,3,Enquadramento,"Dunning-Kruger Social Club","As pessoas não admitem que não sabem","Vários estudos revelam que o sentimento de confiança cresce mais depressa do que o conhecimento: as pessoas que têm algum conhecimento — em oposição às que têm muito ou não têm nenhum — são também as que têm mais sobreconfiança no seu desempenho.

Este excesso de confiança está ligado a uma maior tendência para acreditar em desinformação. Trata-se de um viés cognitivo conhecido como o ""efeito Dunning-Kruger"": a investigação de David Dunning e Justin Kruger demonstra que, por falta de conhecimento, não existem as competências necessárias para reconhecer aquilo que não se sabe. As pessoas ""ignoram a sua ignorância"", atribuindo uma sobrevalorização ao seu conhecimento real.

É à medida que a aprendizagem progride que surge a capacidade de reconhecer erros passados: é na competência que se ganha consciência das incompetências anteriores.

As atitudes negativas em relação à ciência não são partilhadas por quem tem menos conhecimentos, mas sim por quem, tendo algum conhecimento científico, tem uma confiança exacerbada na sua própria compreensão. Mais factos, por vezes, geram mais resistência — especialmente quando o excesso de confiança está associado a uma visão simplista da ciência.","[{""url"": ""https://doi.org/10.1037/0022-3514.77.6.1121"", ""label"": ""Kruger, J. & Dunning, D. (1999) — Unskilled and Unaware of It""}, {""url"": ""https://doi.org/10.1371/journal.pbio.3002230"", ""label"": ""Francisco, F. & Gonçalves-Sá, J. — A little knowledge is a dangerous thing""}, {""url"": ""https://doi.org/10.1038/s41562-023-01677-8"", ""label"": ""Lackner, S. et al. — Intermediate levels of scientific knowledge""}, {""url"": """", ""label"": ""Sá, J. G. & Mendonça, C. (2023) — A importância de saber que não se sabe""}]",t,"2026-03-08 13:58:24.963318+00"
f49735da-fb4d-49af-9866-51e6216a1447,4,Relevância,"Cuidados de Saúde Primários","A base de um sistema de saúde acessível e eficaz para todos.","Os Cuidados de Saúde Primários (CSP) representam a resposta às necessidades de saúde e bem-estar de todos os cidadãos, assegurando que ""as pessoas recebem cuidados completos, desde a promoção e prevenção até ao tratamento, reabilitação e cuidados paliativos, tão perto quanto possível do seu ambiente diário.""
— OMS, Relatório Mundial da Saúde 2008

O seu principal objectivo é reduzir a necessidade de recorrer a cuidados mais complexos e a hospitais, optimizando recursos e gerando uma sociedade mais saudável. Esta optimização tende a reduzir desigualdades, actuando na prevenção e controlo de doenças, imunização, saúde materno-infantil, nutrição e fornecimento de medicamentos essenciais.

Grande parte dos recursos ""são concentrados nos serviços curativos a elevado custo, negligenciando o potencial da prevenção primária e da promoção da saúde que poderiam prevenir até 70% do fardo da doença.""

""As competências de literacia em saúde são fundamentais para encontrar e aceder com sucesso a cuidados de saúde, prevenir doenças, gerir eficazmente os problemas de saúde, compreender as escolhas disponíveis e tomar decisões informadas. A baixa literacia em saúde é um fator de risco para níveis mais altos de hospitalizações, maior uso do atendimento de emergência e mortalidade prematura.""
— Literacia em Ciência e Saúde, Católica Biomedical Research Center","[{""url"": ""https://iris.who.int/bitstream/handle/10665/43949/9789244563731_por.pdf"", ""label"": ""OMS — Relatório Mundial da Saúde 2008, Cuidados de Saúde Primários""}, {""url"": ""https://www.dgs.pt/documentos-e-publicacoes/manual-de-boas-praticas-literacia-em-saude-capacitacao-dos-profissionais-de-saude-pdf.aspx"", ""label"": ""DGS — Manual de Boas Práticas: Literacia em Saúde""}, {""url"": """", ""label"": ""Católica Biomedical Research Center — Literacia em Ciência e Saúde""}]",t,"2026-03-08 14:02:32.700352+00"
a27769c7-8615-496a-ba86-5e9528adefb7,5,Relevância,"Igualdade Social","Quem menos sabe é quem mais sofre com a desinformação.","Dados do Inquérito às Condições de Vida e Rendimento (INE) revelam que a camada da sociedade com menos acesso à informação — menor escolaridade e menor rendimento — é a que tem pior percepção da sua própria saúde e a que mais sofre com a desinformação.

A autoapreciação do estado de saúde sobe com o nível de instrução: no ensino superior, 74% avaliam a sua saúde positivamente; no ensino secundário, 66%. Na camada com escolaridade básica ou inferior, a autopercepção cai significativamente.

A camada com menos acesso à informação coincide com a população com rendimentos mais baixos e com os reformados — cerca de 59% dos quais têm limitações por problemas de saúde. Em regiões como o Alentejo ou o Norte Interior, os níveis de competências digitais básicas rondam os 46-47%.

50% da população portuguesa tem baixa literacia em saúde. Esta camada é mais susceptível a remédios milagrosos e curas tradicionais: a percepção negativa da saúde aumenta o desespero por soluções rápidas. Frequentemente excluída dos canais digitais oficiais, esta população é a principal vítima da desinformação.

O conhecimento científico, levado directamente aos bairros e centros de saúde, pode quebrar este ciclo — transformando a literacia num direito acessível a todos, independentemente da escolaridade.

""Baixos níveis de Literacia em Saúde estão relacionados com um maior número de internamentos e com uma utilização mais frequente dos serviços de urgência e, também, com uma menor prevalência de atitudes individuais e familiares preventivas.""
— DGS, Manual de Boas Práticas: Literacia em Saúde","[{""url"": ""https://www.ine.pt"", ""label"": ""INE — Inquérito às Condições de Vida e Rendimento""}, {""url"": ""https://www.dgs.pt/documentos-e-publicacoes/manual-de-boas-praticas-literacia-em-saude-capacitacao-dos-profissionais-de-saude-pdf.aspx"", ""label"": ""DGS — Manual de Boas Práticas: Literacia em Saúde""}, {""url"": ""https://doi.org/10.32385/rpmgf.v40i5.14064"", ""label"": ""Beça, D. C. et al. (2024) — Evolução dos Cuidados de Saúde Primários em Portugal""}]",t,"2026-03-08 14:04:04.498029+00"