id,titulo,canal,views,url,eixo,data_publicacao,thumbnail_url,created_at,channel_id,keyword_id
efb79ca4-a1de-440d-aa84-ba18e5440e81,"Porque é que o intestino é fundamental para a saúde da mulher?","Fundação Francisco Manuel dos Santos",135542,https://www.youtube.com/watch?v=35CyAiL73sU,alimentacao,2026-04-03,https://i.ytimg.com/vi/35CyAiL73sU/mqdefault.jpg,"2026-04-13 08:45:45.084019+00",UC6yVe4JNXUdKFxZizE_ldsA,
8fec96d6-89e5-45ad-8ab1-8c9a72bf11b8,"Quais os mitos mais comuns sobre a menopausa?","Fundação Francisco Manuel dos Santos",143395,https://www.youtube.com/watch?v=Tu9KKohjXfw,menopausa,2026-03-06,https://i.ytimg.com/vi/Tu9KKohjXfw/mqdefault.jpg,"2026-04-13 08:45:45.263713+00",UC6yVe4JNXUdKFxZizE_ldsA,
fe2ba041-2c54-4a6c-a410-5a0e51c5922b,"Sabia que há uma idade recomendada para mulheres começarem a preparar o corpo para a menopausa?","Fundação Francisco Manuel dos Santos",81845,https://www.youtube.com/watch?v=LUQYhYZR0U8,menopausa,2026-03-07,https://i.ytimg.com/vi/LUQYhYZR0U8/mqdefault.jpg,"2026-04-13 08:45:45.624659+00",UC6yVe4JNXUdKFxZizE_ldsA,
c53a810b-7632-45a5-9b24-9e0d61ff2074,"[IN]Pertinente Ciência: O segredo da saúde da mulher está no intestino?","Fundação Francisco Manuel dos Santos",37067,https://www.youtube.com/watch?v=pcmnd0ku15g,alimentacao,2026-04-03,https://i.ytimg.com/vi/pcmnd0ku15g/mqdefault.jpg,"2026-04-13 08:45:45.840734+00",UC6yVe4JNXUdKFxZizE_ldsA,
2d9a1cc7-b5cd-4f5c-84c7-d6d3157de4ce,"[IN]Pertinente Ciência: Preparar a menopausa para a viver melhor","Fundação Francisco Manuel dos Santos",19119,https://www.youtube.com/watch?v=7uyhYN3_mhM,menopausa,2026-03-06,https://i.ytimg.com/vi/7uyhYN3_mhM/mqdefault.jpg,"2026-04-13 08:45:46.029497+00",UC6yVe4JNXUdKFxZizE_ldsA,
39617e69-54f0-4e16-9f89-654daa09cc86,"#106 MARGARIDA SANTOS & FRANCISCA FEITEIRA- Saúde, Ultraprocessados, Alimentação, Políticas Públicas",Despolariza,8780,https://www.youtube.com/watch?v=yvqXXN1cs8w,alimentacao,2026-02-25,https://i.ytimg.com/vi/yvqXXN1cs8w/mqdefault.jpg,"2026-04-13 08:45:46.197079+00",UCjMzepu7e36usUEWU2wfHvg,
3b39cdab-ed60-454c-9097-b0948e28b29b,"XII Seminário de Psicologia da Educação","Ordem dos Psicólogos",6256,https://www.youtube.com/watch?v=9YvMcxvnlp8,saude-mental,2026-02-13,https://i.ytimg.com/vi/9YvMcxvnlp8/mqdefault.jpg,"2026-04-13 08:45:46.378383+00",UCCBlYMv3F6VkTsU57ZFUNyg,
7c617e56-57b1-4736-bd35-3c3f9595bd88,"Episódio muito interessante no canal! Sabiam do poder das cantinas? #podcast #nutrição #despolariza",Despolariza,1564,https://www.youtube.com/watch?v=eVQjz_LgPsk,alimentacao,2026-03-04,https://i.ytimg.com/vi/eVQjz_LgPsk/mqdefault.jpg,"2026-04-13 08:45:46.537102+00",UCjMzepu7e36usUEWU2wfHvg,
d84427c0-3999-4494-8df1-8c8bbd58351f,"Webinar ""Promoção do bem-estar e da saúde mental no Ensino Superior","Ordem dos Psicólogos",706,https://www.youtube.com/watch?v=BMX_xjQbzRo,saude-mental,2026-01-22,https://i.ytimg.com/vi/BMX_xjQbzRo/mqdefault.jpg,"2026-04-13 08:45:46.711184+00",UCCBlYMv3F6VkTsU57ZFUNyg,
d44eecde-3cc6-4d96-adb4-862349d07fe8,"Temporada 5 | Episódio 1 - Cancro Colorretal: do rastreio à cura - onde estamos a falhar?","Grupo HPA Saúde",361,https://www.youtube.com/watch?v=NE5Mtb2HgTE,emergentes,2026-04-08,https://i.ytimg.com/vi/NE5Mtb2HgTE/mqdefault.jpg,"2026-04-13 08:45:46.878516+00",UCr7zkgwa5ELLwj0epToZIBg,
cc343cbc-691e-41f0-bc28-c576b218e3e1,"Microbiota, doenças intestinais e o eixo intestino-cérebro: a gastroenterologista Mónica Velosa d...","SIC Notícias",335,https://www.youtube.com/watch?v=YWp8pCLvc2k,alimentacao,2026-04-09,https://i.ytimg.com/vi/YWp8pCLvc2k/mqdefault.jpg,"2026-04-13 08:45:47.057515+00",UCimBp0frQrASSsIFERs8vsw,
a8452490-eff9-435d-8146-e492137cfb92,"Dia Mundial da Luta contra o Cancro: Cancro Oral","Grupo HPA Saúde",302,https://www.youtube.com/watch?v=QWkw2-YzKIk,emergentes,2026-02-04,https://i.ytimg.com/vi/QWkw2-YzKIk/mqdefault.jpg,"2026-04-13 08:45:47.224675+00",UCr7zkgwa5ELLwj0epToZIBg,
39e4bce7-6d2c-4fd7-b3e8-b8664feb77bf,"XII Seminário de Psicologia da #educação","Ordem dos Psicólogos",221,https://www.youtube.com/watch?v=y5TQPPf00-k,saude-mental,2026-01-23,https://i.ytimg.com/vi/y5TQPPf00-k/mqdefault.jpg,"2026-04-13 08:45:47.382554+00",UCCBlYMv3F6VkTsU57ZFUNyg,
ece202bb-9ab9-4415-93be-c50cc6f03ace,"Dia Mundial de Luta Contra o Cancro","Grupo HPA Saúde",210,https://www.youtube.com/watch?v=e5WyrXUVaMw,emergentes,2026-02-04,https://i.ytimg.com/vi/e5WyrXUVaMw/mqdefault.jpg,"2026-04-13 08:45:47.559555+00",UCr7zkgwa5ELLwj0epToZIBg,
ecb808de-b3a6-4ac2-8d66-328287a5875c,"EP. 23 Doenças raras: o desafio global​",Bial,184,https://www.youtube.com/watch?v=2Dj0HWWiPik,emergentes,2026-01-21,https://i.ytimg.com/vi/2Dj0HWWiPik/mqdefault.jpg,"2026-04-13 08:45:47.917197+00",UCcoeRBF4Ivdm4aCwTDZdYIA,
1dbf861d-3b1a-415e-b2f7-6032c98b92c9,"Como foi: XII Seminário de Psicologia de Educação (2026)","Ordem dos Psicólogos",169,https://www.youtube.com/watch?v=nKHxyHISJrY,saude-mental,2026-02-27,https://i.ytimg.com/vi/nKHxyHISJrY/mqdefault.jpg,"2026-04-13 08:45:48.084275+00",UCCBlYMv3F6VkTsU57ZFUNyg,
d1fcd8ba-67d4-4b01-8822-6c750345d0b4,"Novo centro em Lisboa aumenta capacidade de rastreio do cancro da mama","Câmara Municipal de Lisboa",143,https://www.youtube.com/watch?v=L5kXVEV9qC8,emergentes,2026-03-17,https://i.ytimg.com/vi/L5kXVEV9qC8/mqdefault.jpg,"2026-04-13 08:45:48.264282+00",UCSG2vPu_YmDVfoSbo7oItwQ,
6d7c9db8-5e8d-4154-9557-c22501237713,"Hospital Lusíadas Alfragide. Cuidamos do cérebro, da mente e do seu bem-estar.","Lusíadas Saúde",131,https://www.youtube.com/watch?v=AjxpF9qFhyA,saude-mental,2026-03-18,https://i.ytimg.com/vi/AjxpF9qFhyA/mqdefault.jpg,"2026-04-13 08:45:48.435808+00",UCHUSE3bPV9kDza-sGYk_pvQ,
19060787-071d-4275-b1b0-b9a5bd8fc29f,"Ouvido Clínico - Episódio 6 - Sobrevivi a um cancro. E agora?","Ordem dos Médicos",111,https://www.youtube.com/watch?v=We529y98qmY,emergentes,2026-02-04,https://i.ytimg.com/vi/We529y98qmY/mqdefault.jpg,"2026-04-13 08:45:48.599555+00",UCayuHV0f3y1-qHSzh07UhFg,
e91e2008-bd9b-4664-8716-6bf3859768de,"Webinar ""Nova plataforma PortFIR e a Tabela de Composição de Alimentos""",INSA,110,https://www.youtube.com/watch?v=ZFF2oLyS4Hk,alimentacao,2026-01-15,https://i.ytimg.com/vi/ZFF2oLyS4Hk/mqdefault.jpg,"2026-04-13 08:45:48.773062+00",UCEDsw4V8sNapYKeu3uXaeUg,
2ea6acbb-702a-4a47-b1ae-1103fc341fc4,"Dia Mundial da Obesidade - “Injeções para emagrecer”","Grupo HPA Saúde",106,https://www.youtube.com/watch?v=I2Da4AY8SJI,alimentacao,2026-03-04,https://i.ytimg.com/vi/I2Da4AY8SJI/mqdefault.jpg,"2026-04-13 08:45:48.958881+00",UCr7zkgwa5ELLwj0epToZIBg,
fbb1cac5-b844-4490-ae6c-f2d6cf7870d3,"T3 | Ep. 1 | Parkinson começa no intestino? O que a ciência já sabe",Bial,80,https://www.youtube.com/watch?v=aVI7xdsfOgE,alimentacao,2026-04-07,https://i.ytimg.com/vi/aVI7xdsfOgE/mqdefault.jpg,"2026-04-13 08:45:49.126029+00",UCcoeRBF4Ivdm4aCwTDZdYIA,
a79191f1-8509-4838-8af5-81ad7db0bc1b,"EP. 24 Vacinar ou esperar? A realidade da vacinação em Portugal​",Bial,87,https://www.youtube.com/watch?v=FOiA8bgm_vs,emergentes,2026-02-04,https://i.ytimg.com/vi/FOiA8bgm_vs/mqdefault.jpg,"2026-04-13 08:45:49.324076+00",UCcoeRBF4Ivdm4aCwTDZdYIA,
cac8b85b-cc6d-461b-a55d-3a6d9fb525fe,"12º Simpósio Nacional “Promoção de uma Alimentação Saudável, Segura e Sustentável – SPA_3S 2025",INSA,87,https://www.youtube.com/watch?v=UrinDXoxKyg,alimentacao,2026-01-19,https://i.ytimg.com/vi/UrinDXoxKyg/mqdefault.jpg,"2026-04-13 08:45:49.485214+00",UCEDsw4V8sNapYKeu3uXaeUg,
7bb536f5-fe25-4f17-b591-7179ef4eebb6,"“A Joana tem diabetes” - Participação 6.ª edição do Concurso Nacional Diabetes e as Escolas",DGS,64,https://www.youtube.com/watch?v=4B5dFrPDAOg,emergentes,2026-04-07,https://i.ytimg.com/vi/4B5dFrPDAOg/mqdefault.jpg,"2026-04-13 08:45:49.647601+00",UCNmv_2YqryuyhB79ehzOsmQ,
1d392efa-beef-49cc-b849-bfae238f7962,"Vera Nobre Ramos discute Menopausa | SPG+","Sociedade Portuguesa de Ginecologia",74,https://www.youtube.com/watch?v=v3R6wP95vYk,menopausa,2026-02-20,https://i.ytimg.com/vi/v3R6wP95vYk/mqdefault.jpg,"2026-04-13 08:45:49.802123+00",UCMhhHdT1z26KmamNK1Ppwcw,
7d26edf2-dc77-4c1c-a846-9ce55a43164c,"“Diabetes: (in)justiça do telemóvel” - Participação 6.ª ed. Concurso Nacional Diabetes e as Escolas",DGS,58,https://www.youtube.com/watch?v=a5UK1iZbiv4,emergentes,2026-04-02,https://i.ytimg.com/vi/a5UK1iZbiv4/mqdefault.jpg,"2026-04-13 08:45:50.131779+00",UCNmv_2YqryuyhB79ehzOsmQ,
aa521921-9f15-421e-8d1d-1d20c3f89ae7,"Oncologia Parte 02 | Drª Maria João Sousa e Enfª Sofia Santos – Podcast Rádio Onda Viva","Trofa Saúde",51,https://www.youtube.com/watch?v=x5xwqg48YOA,emergentes,2026-04-06,https://i.ytimg.com/vi/x5xwqg48YOA/mqdefault.jpg,"2026-04-13 08:45:50.277633+00",UCaX52_iMXdddasXv1zPuzzQ,
a4cfbf16-51ab-4bfe-a91b-8e36872f880d,"História Marcante Oncologia","Lusíadas Saúde",61,https://www.youtube.com/watch?v=P3Zq-J7Lkd0,emergentes,2026-02-04,https://i.ytimg.com/vi/P3Zq-J7Lkd0/mqdefault.jpg,"2026-04-13 08:45:50.432718+00",UCHUSE3bPV9kDza-sGYk_pvQ,
ef85b1ad-5eac-4136-809a-555d0fd3c2fd,"Guia prático de e para estudantes de Psicologia","Ordem dos Psicólogos",57,https://www.youtube.com/watch?v=k5mSraDbz_8,saude-mental,2026-02-26,https://i.ytimg.com/vi/k5mSraDbz_8/mqdefault.jpg,"2026-04-13 08:45:50.628799+00",UCCBlYMv3F6VkTsU57ZFUNyg,