keyword,axis,tipo,query,valor
alergias alimentares,alimentacao,top,alergias alimentares mais comuns,100
anemia,alimentacao,top,anemia sintomas,100
anemia,alimentacao,top,ferro,52
anemia,alimentacao,top,sintomas de anemia,37
anemia,alimentacao,top,alimentos anemia,28
anemia,alimentacao,top,anemia falciforme,25
anemia,alimentacao,top,o que é anemia,19
anemia,alimentacao,top,alimentos para anemia,19
anemia,alimentacao,top,ferro para anemia,18
anemia,alimentacao,top,anemia valores,17
anemia,alimentacao,top,anemia causas,17
anemia,alimentacao,top,hemoglobina,16
anemia,alimentacao,top,anemia hemolitica,13
anemia,alimentacao,top,anemia perniciosa,13
anemia,alimentacao,top,o que e anemia,13
anemia,alimentacao,top,anemia grave,12
anemia,alimentacao,top,ferritina,11
anemia,alimentacao,top,leucemia,10
anemia,alimentacao,top,anemia tratamento,10
anemia,alimentacao,top,anemia ferropriva,9
anemia,alimentacao,top,anemia ferropenica,9
anemia,alimentacao,top,valores de anemia,9
anemia,alimentacao,top,sintomas da anemia,8
anemia,alimentacao,top,anemia no sangue,8
anemia,alimentacao,top,anemia hemolítica,8
anemia,alimentacao,top,anemia gravidez,7
anemia,alimentacao,rising,anemia síntomas,55800
anemia,alimentacao,rising,síntomas de anemia,1650
anemia,alimentacao,rising,sintomas de anemia leve,550
anemia,alimentacao,rising,anemia aplásica,200
anemia,alimentacao,rising,anemia por deficiência de ferro,140
anemia,alimentacao,rising,anemia sideroblástica,130
anemia,alimentacao,rising,alimentos ricos em ferro para curar anemia,130
anemia,alimentacao,rising,anemia microcítica hipocrômica,120
anemia,alimentacao,rising,anemia ferropenia,110
anemia,alimentacao,rising,o que é anemia,90
anemia,alimentacao,rising,anemia pode matar,90
anemia,alimentacao,rising,anemia megaloblástica,80
anemia,alimentacao,rising,o que causa anemia,80
anemia,alimentacao,rising,anemia microcítica e hipocrómica,80
anemia,alimentacao,rising,alimentos com ferro para anemia,80
anemia,alimentacao,rising,anemia symptoms,80
anemia,alimentacao,rising,anemia normocitica e normocromica,70
anemia,alimentacao,rising,anemia microcítica,60
anemia,alimentacao,rising,o que e anemia,60
anemia,alimentacao,rising,ferritina,50
anemia,alimentacao,rising,anemia grave sintomas,50
colesterol alto,alimentacao,top,hdl colesterol alto,100
colesterol alto,alimentacao,top,sintomas colesterol alto,98
colesterol alto,alimentacao,top,colesterol alto valores,50
colesterol alto,alimentacao,top,sintomas de colesterol alto,43
colesterol alto,alimentacao,top,alimentos colesterol alto,42
colesterol alto,alimentacao,top,colesterol alto o que comer,39
colesterol alto,alimentacao,top,dieta colesterol alto,27
colesterol alto,alimentacao,top,colesterol alto causas,22
colesterol alto,alimentacao,top,como baixar colesterol alto,22
colesterol alto,alimentacao,top,dieta para colesterol alto,21
colesterol alto,alimentacao,top,alimentos para colesterol alto,20
colesterol alto,alimentacao,top,colesterol alto o que fazer,19
colesterol alto,alimentacao,top,chá para colesterol alto,17
colesterol alto,alimentacao,top,colesterol alto síntomas,6
colesterol alto,alimentacao,top,chás para colesterol alto,6
colesterol alto,alimentacao,top,chá para baixar o colesterol alto,5
colesterol alto,alimentacao,rising,colesterol alto síntomas,800
colesterol alto,alimentacao,rising,chás para colesterol alto,300
colesterol alto,alimentacao,rising,chá para baixar o colesterol alto,130
diabetes tipo 2,alimentacao,top,sintomas diabetes tipo 2,100
diabetes tipo 2,alimentacao,top,diabetes tipo 2 insulina,52
diabetes tipo 2,alimentacao,top,diabetes tipo 2 valores,50
diabetes tipo 2,alimentacao,top,sintomas de diabetes tipo 2,46
diabetes tipo 2,alimentacao,top,o que é diabetes tipo 2,35
diabetes tipo 2,alimentacao,top,diabetes tipo 2 tratamento,29
diabetes tipo 2,alimentacao,top,dieta diabetes tipo 2,20
diabetes tipo 2,alimentacao,top,diabetes tipo 2 alimentação,18
diabetes tipo 2,alimentacao,top,medicamento diabetes tipo 2,18
diabetes tipo 2,alimentacao,top,medicamentos para diabetes tipo 2,17
diabetes tipo 2,alimentacao,top,alimentos diabetes tipo 2,16
diabetes tipo 2,alimentacao,top,sintomas da diabetes tipo 2,13
diabetes tipo 2,alimentacao,top,medicamento para diabetes tipo 2,12
diabetes tipo 2,alimentacao,top,diabetes tipo 2 causas,12
diabetes tipo 2,alimentacao,top,dieta para diabetes tipo 2,11
diabetes tipo 2,alimentacao,top,diabetes tipo 2 diagnóstico,8
diabetes tipo 2,alimentacao,top,síntomas diabetes tipo 2,8
diabetes tipo 2,alimentacao,top,novos medicamentos para diabetes tipo 2,1
diabetes tipo 2,alimentacao,rising,novos medicamentos para diabetes tipo 2,11300
diabetes tipo 2,alimentacao,rising,síntomas diabetes tipo 2,750
diabetes tipo 2,alimentacao,rising,diabetes tipo 2 diagnóstico,140
diabetes tipo 2,alimentacao,rising,medicamento diabetes tipo 2,100
diabetes tipo 2,alimentacao,rising,medicamento para diabetes tipo 2,50
dieta cetogénica,alimentacao,top,dieta cetogénica receitas,100
dieta cetogénica,alimentacao,top,dieta cetogénica portugal,67
dieta cetogénica,alimentacao,rising,dieta cetogénica receitas,60
intolerância à lactose,alimentacao,top,intolerância à lactose sintomas,100
intolerância à lactose,alimentacao,top,sintomas de intolerância à lactose,41
intolerância à lactose,alimentacao,top,intolerância à lactose o que comer,8
intolerância à lactose,alimentacao,top,intolerância à lactose sintomas na pele,7
intolerância à lactose,alimentacao,top,"crise de intolerância à lactose, o que fazer",5
intolerância à lactose,alimentacao,top,graus de intolerância à lactose,4
intolerância à lactose,alimentacao,top,intolerância à lactose intestino inflamado,3
intolerância à lactose,alimentacao,top,fezes de bebê com intolerância à lactose,3
intolerância à lactose,alimentacao,top,tipos de intolerância à lactose,3
intolerância à lactose,alimentacao,top,sinais de intolerância à lactose,2
intolerância à lactose,alimentacao,rising,"crise de intolerância à lactose, o que fazer",213500
intolerância à lactose,alimentacao,rising,graus de intolerância à lactose,173700
intolerância à lactose,alimentacao,rising,intolerância à lactose intestino inflamado,147850
intolerância à lactose,alimentacao,rising,fezes de bebê com intolerância à lactose,170
intolerância à lactose,alimentacao,rising,tipos de intolerância à lactose,130
intolerância à lactose,alimentacao,rising,intolerância à lactose sintomas na pele,90
intolerância à lactose,alimentacao,rising,sinais de intolerância à lactose,50
intolerância ao glúten,alimentacao,top,sintomas de intolerância ao glúten,100
intolerância ao glúten,alimentacao,top,sintomas da intolerância ao glúten,25
intolerância ao glúten,alimentacao,top,35 sintomas de intolerância ao glúten,24
intolerância ao glúten,alimentacao,top,intolerância ao glúten sintomas na pele,19
intolerância ao glúten,alimentacao,rising,35 sintomas de intolerância ao glúten,466950
intolerância ao glúten,alimentacao,rising,sintomas de intolerância ao glúten,50
jejum intermitente,alimentacao,top,fazer jejum intermitente,100
jejum intermitente,alimentacao,top,o que é o jejum intermitente,69
jejum intermitente,alimentacao,top,o que é jejum intermitente,69
jejum intermitente,alimentacao,top,jejum intermitente livro,66
jejum intermitente,alimentacao,top,jejum intermitente 16h,54
jejum intermitente,alimentacao,top,jejum intermitente para emagrecer,51
jejum intermitente,alimentacao,top,jejum intermitente como fazer,51
jejum intermitente,alimentacao,top,app jejum intermitente,39
jejum intermitente,alimentacao,top,jejum intermitente como fazer para emagrecer,27
jejum intermitente,alimentacao,top,quebrar jejum intermitente,25
jejum intermitente,alimentacao,top,jejum intermitente funciona,22
jejum intermitente,alimentacao,top,jejum intermitente 12h,19
jejum intermitente,alimentacao,top,jejum intermitente diabetes,19
jejum intermitente,alimentacao,top,jejum intermitente grátis,18
jejum intermitente,alimentacao,top,jejum intermitente resultados,15
jejum intermitente,alimentacao,top,jejum intermitente gratuito,13
jejum intermitente,alimentacao,top,app jejum intermitente grátis,12
jejum intermitente,alimentacao,top,jejum intermitente todos os dias,12
jejum intermitente,alimentacao,top,jejum intermitente pdf,12
jejum intermitente,alimentacao,top,como quebrar o jejum intermitente,12
jejum intermitente,alimentacao,top,o que e jejum intermitente,11
jejum intermitente,alimentacao,top,emagrecer 5 kg com jejum intermitente,10
jejum intermitente,alimentacao,top,cetose jejum intermitente,10
jejum intermitente,alimentacao,top,jejum intermitente tabela,9
jejum intermitente,alimentacao,top,jejum intermitente e diabetes,9
jejum intermitente,alimentacao,rising,emagrecer 5 kg com jejum intermitente,52000
jejum intermitente,alimentacao,rising,jejum intermitente na menopausa,34550
jejum intermitente,alimentacao,rising,como fazer o jejum intermitente para emagrecer,29700
jejum intermitente,alimentacao,rising,calcular jejum intermitente,25300
jejum intermitente,alimentacao,rising,jejum intermitente 16h emagrece em quanto tempo,5950
jejum intermitente,alimentacao,rising,jejum intermitente app gratuito,900
jejum intermitente,alimentacao,rising,jejum intermitente 14h,650
jejum intermitente,alimentacao,rising,jejum intermitente 16/8,400
jejum intermitente,alimentacao,rising,app jejum intermitente grátis,400
jejum intermitente,alimentacao,rising,jejum intermitente gratuito,350
jejum intermitente,alimentacao,rising,dieta cetogênica,250
jejum intermitente,alimentacao,rising,jejum intermitente benefícios,250
jejum intermitente,alimentacao,rising,jejum intermitente tabela,250
jejum intermitente,alimentacao,rising,jejum intermitente e diabetes,250
jejum intermitente,alimentacao,rising,jejum intermitente grátis,200
jejum intermitente,alimentacao,rising,jejum intermitente como fazer para emagrecer,150
jejum intermitente,alimentacao,rising,como quebrar o jejum intermitente,150
jejum intermitente,alimentacao,rising,quebrar jejum intermitente,120
jejum intermitente,alimentacao,rising,jejum intermitente para emagrecer,120
jejum intermitente,alimentacao,rising,jejum intermitente 16h,90
jejum intermitente,alimentacao,rising,fazer jejum intermitente,90
jejum intermitente,alimentacao,rising,app jejum intermitente,90
jejum intermitente,alimentacao,rising,jejum intermitente funciona,80
jejum intermitente,alimentacao,rising,jejum intermitente todos os dias,70
jejum intermitente,alimentacao,rising,jejum intermitente como fazer,70
obesidade infantil,alimentacao,top,obesidade infantil em portugal,100
obesidade infantil,alimentacao,top,obesidade infantil pdf,12
obesidade infantil,alimentacao,top,causas da obesidade infantil,11
obesidade infantil,alimentacao,top,consequências da obesidade infantil,9
obesidade infantil,alimentacao,top,como prevenir a obesidade infantil,3
obesidade infantil,alimentacao,rising,como prevenir a obesidade infantil,55500
obesidade infantil,alimentacao,rising,consequências da obesidade infantil,250
pré-diabetes,alimentacao,top,pré-diabetes sintomas,100
pré-diabetes,alimentacao,top,sintomas de pré-diabetes,81
pré-diabetes,alimentacao,top,pré-diabetes valores,28
pré-diabetes,alimentacao,top,8 sintomas de pré-diabetes,10
suplementos alimentares,alimentacao,top,suplementos alimentares para idosos,100
suplementos alimentares,alimentacao,top,melhores suplementos alimentares,77
suplementos alimentares,alimentacao,top,suplementos alimentares naturais,60
suplementos alimentares,alimentacao,top,suplementos alimentares para engordar,33
suplementos alimentares,alimentacao,top,suplementos alimentares para emagrecer,32
suplementos alimentares,alimentacao,top,marcas de suplementos alimentares,30
suplementos alimentares,alimentacao,rising,melhores suplementos alimentares,120
suplementos alimentares,alimentacao,rising,marcas de suplementos alimentares,60
ultraprocessados,alimentacao,top,alimentos ultraprocessados,100
ultraprocessados,alimentacao,top,alimentos ultraprocessados exemplos,17
ultraprocessados,alimentacao,top,alimentos ultraprocessados lista,12
ultraprocessados,alimentacao,top,o que são alimentos ultraprocessados,10
avc,emergentes,top,avc sintomas,100
avc,emergentes,top,sintomas de avc,44
avc,emergentes,top,avc isquemico,22
avc,emergentes,top,avc hemorragico,21
avc,emergentes,top,avc isquêmico,19
avc,emergentes,top,sinais avc,17
avc,emergentes,top,avc cerebral,15
avc,emergentes,top,avc isquémico,14
avc,emergentes,top,avc o que é,14
avc,emergentes,top,avc hemorrágico,14
avc,emergentes,top,avc causas,11
avc,emergentes,top,sinais de avc,11
avc,emergentes,top,avc tratamento,9
avc,emergentes,top,avc sequelas,8
avc,emergentes,top,avc trombose,7
avc,emergentes,top,sintomas do avc,7
avc,emergentes,top,sintomas de um avc,6
avc,emergentes,top,avc ait,5
avc,emergentes,top,causas de avc,5
avc,emergentes,top,o que é um avc,4
avc,emergentes,top,via verde avc,4
avc,emergentes,top,tipos de avc,4
avc,emergentes,top,avc significado,4
avc,emergentes,top,sintomas avc dias antes,4
avc,emergentes,top,sintomas avc feminino,3
avc,emergentes,rising,derrame ocular pode ser sinal de avc,11450
avc,emergentes,rising,sintomas de um avc feminino,700
avc,emergentes,rising,sintomas avc dias antes,600
avc,emergentes,rising,avc hemorrágico causas,400
avc,emergentes,rising,avc isquêmico tem cura,350
avc,emergentes,rising,avc hemorrágico chances de sobrevivência,300
avc,emergentes,rising,avc hemorrágico sintomas,200
avc,emergentes,rising,avc isquêmico o que é,200
avc,emergentes,rising,sintomas de avc feminino,200
avc,emergentes,rising,dia nacional do doente com avc,190
avc,emergentes,rising,avc isquêmico e hemorrágico,150
avc,emergentes,rising,avc isquêmico sintomas,150
avc,emergentes,rising,princípio de avc sintomas,120
avc,emergentes,rising,avc transitório,110
avc,emergentes,rising,sequelas avc isquêmico lado esquerdo,100
avc,emergentes,rising,sequelas avc isquêmico lado direito,100
avc,emergentes,rising,sintomas de avc silencioso,100
avc,emergentes,rising,avc isquêmico,100
avc,emergentes,rising,sintomas avc feminino,90
avc,emergentes,rising,sinais de um avc,90
avc,emergentes,rising,avc sintomas iniciais,90
avc,emergentes,rising,sintomas de avc leve,90
avc,emergentes,rising,avc o que é,60
avc,emergentes,rising,avc hemorrágico,60
doenças cardiovasculares,emergentes,top,doenças cardiovasculares sintomas,100
doenças cardiovasculares,emergentes,top,doenças cardiovasculares exemplos,88
doenças cardiovasculares,emergentes,top,prevenção de doenças cardiovasculares,79
doenças cardiovasculares,emergentes,top,o que são doenças cardiovasculares,73
doenças cardiovasculares,emergentes,top,principais doenças cardiovasculares,63
doenças cardiovasculares,emergentes,top,como prevenir doenças cardiovasculares,60
doenças cardiovasculares,emergentes,top,doenças cardiovasculares pdf,58
doenças cardiovasculares,emergentes,top,tipos de doenças cardiovasculares,45
doenças cardiovasculares,emergentes,top,doenças cardiovasculares mais comuns,44
doenças cardiovasculares,emergentes,rising,principais doenças cardiovasculares,100
doenças cardiovasculares,emergentes,rising,doenças cardiovasculares exemplos,100
doenças cardiovasculares,emergentes,rising,doenças cardiovasculares pdf,70
doenças cardiovasculares,emergentes,rising,doenças cardiovasculares mais comuns,60
long covid,emergentes,top,long covid symptoms,100
long covid,emergentes,top,covid symptoms,99
long covid,emergentes,top,how long does long covid last,80
long covid,emergentes,top,how long does covid last,77
long covid,emergentes,top,how long covid symptoms last,28
long covid,emergentes,top,long covid sintomas,25
long covid,emergentes,top,how long is covid contagious,24
long covid,emergentes,top,symptoms of long covid,21
long covid,emergentes,top,how long does covid symptoms last,12
long covid,emergentes,top,long covid syndrome,12
long covid,emergentes,top,long covid treatment,9
long covid,emergentes,top,long covid symptome,8
long covid,emergentes,top,long covid symptomen,3
long covid,emergentes,rising,long covid sintomas,550
long covid,emergentes,rising,long covid syndrome,250
long covid,emergentes,rising,long covid symptome,140
long covid,emergentes,rising,how long is covid contagious,90
long covid,emergentes,rising,long covid treatment,70
long covid,emergentes,rising,covid symptoms,50
long covid,emergentes,rising,long covid symptoms,50
lúpus,emergentes,top,sintomas lúpus,100
lúpus,emergentes,top,lúpus eritematoso,73
lúpus,emergentes,top,lupus,61
lúpus,emergentes,top,lúpus doença,55
lúpus,emergentes,top,sintomas de lúpus,33
lúpus,emergentes,top,lúpus sistêmico,29
lúpus,emergentes,top,lúpus eritematoso sistêmico,26
lúpus,emergentes,top,lúpus o que é,25
lúpus,emergentes,top,doença de lúpus,21
lúpus,emergentes,top,lúpus tratamento,14
lúpus,emergentes,top,lúpus sintomas iniciais,11
lúpus,emergentes,top,lúpus cutâneo,10
lúpus,emergentes,top,lúpus doenca,10
lúpus,emergentes,top,lúpus imagens,8
lúpus,emergentes,top,lúpus discoide,7
lúpus,emergentes,top,doença de lúpus sintomas,7
lúpus,emergentes,top,o que é a doença lúpus,5
lúpus,emergentes,top,lúpus é contagioso,5
lúpus,emergentes,top,tipos de lúpus,5
lúpus,emergentes,top,crise de lúpus sintomas,3
lúpus,emergentes,top,dia mundial do lúpus,2
lúpus,emergentes,top,o que e lúpus doença fotos,1
lúpus,emergentes,top,lúpus pode matar,1
lúpus,emergentes,rising,crise de lúpus sintomas,64850
lúpus,emergentes,rising,o que e lúpus doença fotos,22150
lúpus,emergentes,rising,lúpus pode matar,20900
lúpus,emergentes,rising,tipos de lúpus,190
lúpus,emergentes,rising,lúpus doenca,90
lúpus,emergentes,rising,doença de lúpus sintomas,70
lúpus,emergentes,rising,dia mundial do lúpus,50
lúpus,emergentes,rising,lúpus tratamento,50
lúpus,emergentes,rising,lúpus sintomas iniciais,40
sepsis,emergentes,top,sepsis guidelines,100
sepsis,emergentes,top,surviving sepsis,92
sepsis,emergentes,top,sepsis symptoms,89
sepsis,emergentes,top,sepsis neonatal,76
sepsis,emergentes,top,surviving sepsis campaign,72
sepsis,emergentes,top,sepsis o que é,71
sepsis,emergentes,top,sintomas sepsis,56
sepsis,emergentes,top,what is sepsis,49
sepsis,emergentes,top,sepsis definition,46
sepsis,emergentes,top,sepsis grave,44
sepsis,emergentes,top,sofa sepsis,41
sepsis,emergentes,top,surviving sepsis campaign guidelines,30
sepsis,emergentes,top,surviving sepsis campaign 2021,26
sepsis,emergentes,top,sepsis meaning,26
sepsis,emergentes,top,sofa score sepsis,24
sepsis,emergentes,top,symptoms of sepsis,24
sepsis,emergentes,top,sirs sepsis,22
sepsis,emergentes,top,criterios sepsis,22
sepsis,emergentes,top,sirs,21
sepsis,emergentes,top,sepsis urinaria,18
sepsis,emergentes,top,signs of sepsis,17
sepsis,emergentes,top,surviving sepsis campaign 2023,12
sepsis,emergentes,top,sepsis bacteriana,11
sepsis,emergentes,top,sepsis dog,11
sepsis,emergentes,top,sepsis que es,8
sepsis,emergentes,rising,surviving sepsis campaign 2021,108600
sepsis,emergentes,rising,surviving sepsis campaign 2023,50350
sepsis,emergentes,rising,sepsis 3 definition,26850
sepsis,emergentes,rising,sepsis bacteriana,350
sepsis,emergentes,rising,sepsis dog,250
sepsis,emergentes,rising,sepsis que es,200
sepsis,emergentes,rising,signs of sepsis,130
sepsis,emergentes,rising,what is sepsis,120
sepsis,emergentes,rising,sepsis o que é,100
sepsis,emergentes,rising,sepsis symptoms,100
sepsis,emergentes,rising,sepsis meaning,90
sepsis,emergentes,rising,symptoms of sepsis,90
sepsis,emergentes,rising,surviving sepsis campaign guidelines,80
sepsis,emergentes,rising,sepsis urinaria,60
sepsis,emergentes,rising,sofa score sepsis,50
vírus nipah,emergentes,top,vírus nipah índia,100
vírus nipah,emergentes,top,vírus nipah sintomas,8
vírus nipah,emergentes,top,vírus nipah na índia sintomas,3
vírus nipah,emergentes,rising,vírus nipah índia,5570550
vírus nipah,emergentes,rising,vírus nipah sintomas,430100
vírus nipah,emergentes,rising,vírus nipah na índia sintomas,157950
cancro da mama,menopausa,top,cancro da mama sintomas,100
cancro da mama,menopausa,top,dia cancro da mama,47
cancro da mama,menopausa,top,sintomas de cancro da mama,37
cancro da mama,menopausa,top,rastreio do cancro da mama,35
cancro da mama,menopausa,top,dia do cancro da mama,26
cancro da mama,menopausa,top,o que é o cancro da mama,21
cancro da mama,menopausa,top,dia mundial cancro da mama,19
cancro da mama,menopausa,top,liga portuguesa contra o cancro da mama,17
cancro da mama,menopausa,top,prevenção cancro da mama,17
cancro da mama,menopausa,top,sintomas do cancro da mama,17
cancro da mama,menopausa,top,cancro da mama homem,16
cancro da mama,menopausa,top,luta contra o cancro da mama,13
cancro da mama,menopausa,top,sinais de cancro da mama,13
cancro da mama,menopausa,top,cancro da mama sintomas iniciais,9
cancro da mama,menopausa,top,corrida cancro da mama 2023,9
cancro da mama,menopausa,top,corrida cancro da mama 2022,5
cancro da mama,menopausa,top,cancro da mama her2 positivo,4
cancro da mama,menopausa,top,edp corrida cancro da mama 2023,4
cancro da mama,menopausa,top,caminhada cancro da mama 2023,3
cancro da mama,menopausa,top,esponja cancro da mama,2
cancro da mama,menopausa,top,rastreio cancro da mama 2023,2
cancro da mama,menopausa,top,corrida cancro da mama 2023 lisboa,2
cancro da mama,menopausa,top,corrida cancro da mama 2022 lisboa,1
cancro da mama,menopausa,rising,corrida cancro da mama 2023,85500
cancro da mama,menopausa,rising,edp corrida cancro da mama 2023,38950
cancro da mama,menopausa,rising,caminhada cancro da mama 2023,31950
cancro da mama,menopausa,rising,esponja cancro da mama,24200
cancro da mama,menopausa,rising,rastreio cancro da mama 2023,19550
cancro da mama,menopausa,rising,corrida cancro da mama 2023 lisboa,18200
cancro da mama,menopausa,rising,corrida cancro da mama 2022 lisboa,14900
cancro da mama,menopausa,rising,corrida cancro da mama 2022,600
cancro da mama,menopausa,rising,cancro da mama sintomas iniciais,250
cancro da mama,menopausa,rising,cancro da mama her2 positivo,140
cancro da mama,menopausa,rising,rastreio do cancro da mama,110
cancro da mama,menopausa,rising,o que é o cancro da mama,60
candidíase,menopausa,top,sintomas candidíase,100
candidíase,menopausa,top,candidíase tratamento,92
candidíase,menopausa,top,candidíase vaginal,89
candidíase,menopausa,top,candidíase homem,68
candidíase,menopausa,top,candidíase feminina,56
candidíase,menopausa,top,canesten candidíase,50
candidíase,menopausa,top,candidíase oral,49
candidíase,menopausa,top,candidíase boca,49
candidíase,menopausa,top,pomada candidíase,49
candidíase,menopausa,top,candidíase fotos,45
candidíase,menopausa,top,candidíase corrimento,35
candidíase,menopausa,top,pomada para candidíase,32
candidíase,menopausa,top,candidíase como tratar,31
candidíase,menopausa,top,sintomas de candidíase,31
candidíase,menopausa,top,fluconazol candidíase,30
candidíase,menopausa,top,fluconazol,29
candidíase,menopausa,top,candidíase genital,28
candidíase,menopausa,top,candidíase na boca,28
candidíase,menopausa,top,candidíase no homem,26
candidíase,menopausa,top,candidíase gravidez,21
candidíase,menopausa,top,candidíase masculina,21
candidíase,menopausa,top,o que é candidíase,20
candidíase,menopausa,top,remédio para candidíase,17
candidíase,menopausa,top,candidíase feminina fotos,15
candidíase,menopausa,top,sintomas da candidíase,14
candidíase,menopausa,rising,candidíase feminina fotos,162350
candidíase,menopausa,rising,candidíase é transmissível,65500
candidíase,menopausa,rising,candidíase cura sozinha,42900
candidíase,menopausa,rising,candidíase sintomas femininos,30600
candidíase,menopausa,rising,candidíase na virilha fotos,27350
candidíase,menopausa,rising,óvulo para candidíase,24000
candidíase,menopausa,rising,candidíase feminina fotos reais,20700
candidíase,menopausa,rising,candidíase vulvovaginite fotos,15400
candidíase,menopausa,rising,candidíase mamária fotos,9800
candidíase,menopausa,rising,banho de assento para candidíase,650
candidíase,menopausa,rising,candidíase feminina sintomas,350
candidíase,menopausa,rising,melhor pomada para candidíase,300
candidíase,menopausa,rising,sintomas de candidíase feminina,250
candidíase,menopausa,rising,comprimido para candidíase,200
candidíase,menopausa,rising,candidíase masculina sintomas,200
candidíase,menopausa,rising,candidíase no homem fotos,190
candidíase,menopausa,rising,candidíase feminina,180
candidíase,menopausa,rising,tipos de candidíase,140
candidíase,menopausa,rising,candidíase fotos,130
candidíase,menopausa,rising,candidíase na boca fotos,130
candidíase,menopausa,rising,sintomas da candidíase,130
candidíase,menopausa,rising,candidíase vulvovaginal,130
candidíase,menopausa,rising,candidíase na língua,120
candidíase,menopausa,rising,como acabar com a candidíase definitivamente,90
candidíase,menopausa,rising,remédio para candidíase,70
endometriose,menopausa,top,sintomas endometriose,100
endometriose,menopausa,top,o que endometriose,44
endometriose,menopausa,top,o que é endometriose,29
endometriose,menopausa,top,endometriose adenomiose,20
endometriose,menopausa,top,sintomas de endometriose,19
endometriose,menopausa,top,endometriose utero,14
endometriose,menopausa,top,o que e endometriose,14
endometriose,menopausa,top,endometriose profunda,13
endometriose,menopausa,top,endometriose tratamento,13
endometriose,menopausa,top,endometriose intestinal,12
endometriose,menopausa,top,endometriosis,10
endometriose,menopausa,top,endometriose cirurgia,10
endometriose,menopausa,top,endometriose e adenomiose,10
endometriose,menopausa,top,sintomas da endometriose,9
endometriose,menopausa,top,endometriose gravidez,8
endometriose,menopausa,top,doença endometriose,7
endometriose,menopausa,top,exame endometriose,6
endometriose,menopausa,top,especialista em endometriose,6
endometriose,menopausa,top,endometriose causas,6
endometriose,menopausa,top,o que é endometriose sintomas,5
endometriose,menopausa,top,barriga de endometriose,5
endometriose,menopausa,top,endometriose intestinal sintomas,4
endometriose,menopausa,top,endometriose infertilidade,4
endometriose,menopausa,top,endometriose fotos,4
endometriose,menopausa,top,endometriose na bexiga,3
endometriose,menopausa,rising,anitta endometriose,43200
endometriose,menopausa,rising,sintomas de endometriose no intestino,8500
endometriose,menopausa,rising,ryeqo endometriose,8350
endometriose,menopausa,rising,endometriose sintomas fotos,400
endometriose,menopausa,rising,o que é endometriose sintomas,250
endometriose,menopausa,rising,endometriose fotos,250
endometriose,menopausa,rising,o que é endometriose profunda,200
endometriose,menopausa,rising,endometriose e adenomiose,200
endometriose,menopausa,rising,endometriose sintomas e sinais,180
endometriose,menopausa,rising,endometriose symptome,170
endometriose,menopausa,rising,como detectar endometriose,170
endometriose,menopausa,rising,o que e endometriose,150
endometriose,menopausa,rising,endometriose adenomiose,110
endometriose,menopausa,rising,endometriose intestinal sintomas,100
endometriose,menopausa,rising,endometriose tem cura,100
endometriose,menopausa,rising,endometriose na bexiga,100
endometriose,menopausa,rising,sintomas endometriose,80
endometriose,menopausa,rising,sintomas da endometriose,60
endometriose,menopausa,rising,especialista em endometriose,60
endometriose,menopausa,rising,barriga de endometriose,50
incontinência urinária,menopausa,top,incontinência urinária feminina,100
incontinência urinária,menopausa,top,incontinência urinária tratamento,71
incontinência urinária,menopausa,top,cirurgia incontinência urinária,70
incontinência urinária,menopausa,top,incontinência urinária masculina,61
incontinência urinária,menopausa,top,incontinência urinária sintomas,41
incontinência urinária,menopausa,top,incontinência urinária causas,33
incontinência urinária,menopausa,top,exercícios para incontinência urinária,23
incontinência urinária,menopausa,top,sintomas de incontinência urinária,19
incontinência urinária,menopausa,top,remédio para incontinência urinária feminina,14
incontinência urinária,menopausa,top,incontinência urinária de urgência,14
incontinência urinária,menopausa,top,tratamento para incontinência urinária,12
incontinência urinária,menopausa,top,como tratar incontinência urinária,10
incontinência urinária,menopausa,top,incontinência urinária tipos,10
incontinência urinária,menopausa,top,dia da incontinência urinária,10
incontinência urinária,menopausa,top,tipos de incontinência urinária,10
incontinência urinária,menopausa,top,exercícios de kegel,8
incontinência urinária,menopausa,top,incontinência urinária infantil,6
incontinência urinária,menopausa,top,sintomas da incontinência urinária,6
incontinência urinária,menopausa,top,incontinência urinária feminina tem cura,3
incontinência urinária,menopausa,rising,remédio para incontinência urinária feminina,183650
incontinência urinária,menopausa,rising,incontinência urinária infantil,73950
incontinência urinária,menopausa,rising,incontinência urinária feminina tem cura,38750
incontinência urinária,menopausa,rising,sintomas da incontinência urinária,140
incontinência urinária,menopausa,rising,exercícios para incontinência urinária,70
incontinência urinária,menopausa,rising,cirurgia incontinência urinária,50
incontinência urinária,menopausa,rising,sintomas de incontinência urinária,40
menopausa masculina,menopausa,top,menopausa masculina sintomas,100
menopausa masculina,menopausa,rising,menopausa masculina sintomas,70
menopausa precoce,menopausa,top,sintomas menopausa precoce,100
menopausa precoce,menopausa,top,menopausa precoce idade,38
menopausa precoce,menopausa,top,sintomas de menopausa precoce,33
menopausa precoce,menopausa,top,sintomas da menopausa precoce,18
menopausa precoce,menopausa,top,sinais de menopausa precoce,9
menopausa precoce,menopausa,top,menopausa precoce sintomas iniciais,4
menopausa precoce,menopausa,top,menopausa precoce pode engravidar,4
menopausa precoce,menopausa,top,sinais da menopausa precoce,4
menopausa precoce,menopausa,top,menopausa precoce 30 anos,2
menopausa precoce,menopausa,rising,menopausa precoce 30 anos,56900
menopausa precoce,menopausa,rising,menopausa precoce pode engravidar,180
menopausa precoce,menopausa,rising,menopausa precoce idade,110
menopausa precoce,menopausa,rising,sinais de menopausa precoce,70
menopausa precoce,menopausa,rising,sinais da menopausa precoce,70
menopausa sintomas,menopausa,top,menopausa sintomas iniciais,100
menopausa sintomas,menopausa,top,pré-menopausa sintomas,92
osteoporose,menopausa,top,tratamento osteoporose,100
osteoporose,menopausa,top,osteoporose sintomas,97
osteoporose,menopausa,top,o que é osteoporose,54
osteoporose,menopausa,top,osteopenia,39
osteoporose,menopausa,top,o que e osteoporose,35
osteoporose,menopausa,top,frax osteoporose,32
osteoporose,menopausa,top,osteoporose na coluna,32
osteoporose,menopausa,top,calcio,28
osteoporose,menopausa,top,sintomas de osteoporose,26
osteoporose,menopausa,top,exame osteoporose,23
osteoporose,menopausa,top,tratamento de osteoporose,22
osteoporose,menopausa,top,osteoporose e osteopenia,21
osteoporose,menopausa,top,o que é a osteoporose,17
osteoporose,menopausa,top,artrose,16
osteoporose,menopausa,top,medicamento para osteoporose,15
osteoporose,menopausa,top,tratamento da osteoporose,15
osteoporose,menopausa,top,osteoporose causas,15
osteoporose,menopausa,top,osteoporose grave,15
osteoporose,menopausa,top,osteoporose tem cura,14
osteoporose,menopausa,top,injeção para osteoporose,13
osteoporose,menopausa,top,sintomas da osteoporose,13
osteoporose,menopausa,top,t score osteoporose,9
osteoporose,menopausa,top,exame de osteoporose,9
osteoporose,menopausa,top,prolia,6
osteoporose,menopausa,top,sarcopenia,5
osteoporose,menopausa,rising,remédio para osteoporose 1 vez por mês,23950
osteoporose,menopausa,rising,sarcopenia,300
osteoporose,menopausa,rising,prolia,250
osteoporose,menopausa,rising,o que e osteoporose,130
osteoporose,menopausa,rising,injeção para osteoporose,130
osteoporose,menopausa,rising,alendronato,110
osteoporose,menopausa,rising,t score osteoporose,90
osteoporose,menopausa,rising,exame de osteoporose,90
osteoporose,menopausa,rising,osteoporose grave,70
osteoporose,menopausa,rising,o que é osteoporose,70
osteoporose,menopausa,rising,exame osteoporose,60
osteoporose,menopausa,rising,medicamento para osteoporose,50
osteoporose,menopausa,rising,frax osteoporose,40
peso na menopausa,menopausa,top,como perder peso na menopausa,100
suores noturnos,menopausa,top,suores noturnos causas,100
suores noturnos,menopausa,top,suores noturnos sintomas,92
suores noturnos,menopausa,top,suores noturnos covid,35
suores noturnos,menopausa,top,suores noturnos o que pode ser,11
suores noturnos,menopausa,rising,suores noturnos o que pode ser,120
suores noturnos,menopausa,rising,suores noturnos causas,90
suores noturnos,menopausa,rising,suores noturnos covid,90
terapia hormonal,menopausa,top,terapia hormonal menopausa,100
terapia hormonal,menopausa,top,terapia hormonal trans,32
terapia hormonal,menopausa,rising,terapia hormonal trans,400
terapia hormonal,menopausa,rising,terapia hormonal menopausa,60
alzheimer,saude-mental,top,sintomas alzheimer,100
alzheimer,saude-mental,top,alzheimer doença,74
alzheimer,saude-mental,top,doença de alzheimer,61
alzheimer,saude-mental,top,sintomas de alzheimer,42
alzheimer,saude-mental,top,alzheimer portugal,39
alzheimer,saude-mental,top,demencia,38
alzheimer,saude-mental,top,parkinson,28
alzheimer,saude-mental,top,demência,27
alzheimer,saude-mental,top,alzheimer tratamento,21
alzheimer,saude-mental,top,alzheimer sintomas iniciais,18
alzheimer,saude-mental,top,alzheimer disease,18
alzheimer,saude-mental,top,alzheimer o que é,16
alzheimer,saude-mental,top,alzheimer precoce,15
alzheimer,saude-mental,top,demência de alzheimer,14
alzheimer,saude-mental,top,alzheimer e demencia,13
alzheimer,saude-mental,top,alzheimer fases,13
alzheimer,saude-mental,top,alzheimer's,13
alzheimer,saude-mental,top,pessoas com alzheimer,13
alzheimer,saude-mental,top,sinais de alzheimer,11
alzheimer,saude-mental,top,demência e alzheimer,10
alzheimer,saude-mental,top,medicamento alzheimer,10
alzheimer,saude-mental,top,alzheimer causas,9
alzheimer,saude-mental,top,filme alzheimer,9
alzheimer,saude-mental,top,medicamentos alzheimer,9
alzheimer,saude-mental,top,parkinson e alzheimer,9
alzheimer,saude-mental,rising,viagra alzheimer,26900
alzheimer,saude-mental,rising,transmissão acidental de alzheimer,23900
alzheimer,saude-mental,rising,teste caseiro para detectar alzheimer,11250
alzheimer,saude-mental,rising,demencia vs alzheimer,1100
alzheimer,saude-mental,rising,chris hemsworth alzheimer,850
alzheimer,saude-mental,rising,síntomas alzheimer,800
alzheimer,saude-mental,rising,dementia vs alzheimer,500
alzheimer,saude-mental,rising,ricardo salgado alzheimer,500
alzheimer,saude-mental,rising,alzheimer sintomas iniciais,200
alzheimer,saude-mental,rising,como se escreve alzheimer,200
alzheimer,saude-mental,rising,sinais de alzheimer precoce,180
alzheimer,saude-mental,rising,demência e alzheimer,170
alzheimer,saude-mental,rising,alzheimer sinais e sintomas,160
alzheimer,saude-mental,rising,sintomas de alzheimer fase inicial,150
alzheimer,saude-mental,rising,cérebro com alzheimer,110
alzheimer,saude-mental,rising,diferença entre demencia e alzheimer,110
alzheimer,saude-mental,rising,primeiros sinais de alzheimer,100
alzheimer,saude-mental,rising,demência,100
alzheimer,saude-mental,rising,alzheimer pode matar,100
alzheimer,saude-mental,rising,demência de alzheimer,90
alzheimer,saude-mental,rising,alzheimer e demencia,70
alzheimer,saude-mental,rising,alzheimer o que é,50
alzheimer,saude-mental,rising,sinais de alzheimer,50
anorexia nervosa,saude-mental,top,o que é anorexia nervosa,100
anorexia nervosa,saude-mental,top,compulsão alimentar,47
anorexia nervosa,saude-mental,top,sintomas de anorexia nervosa,42
anorexia nervosa,saude-mental,top,anorexia vs anorexia nervosa,14
ansiedade,saude-mental,top,ansiedade sintomas,100
ansiedade,saude-mental,top,sintomas de ansiedade,59
ansiedade,saude-mental,top,depressão,31
ansiedade,saude-mental,top,crise ansiedade,27
ansiedade,saude-mental,top,ataque ansiedade,25
ansiedade,saude-mental,top,crise de ansiedade,25
ansiedade,saude-mental,top,ataque de ansiedade,23
ansiedade,saude-mental,top,depressão e ansiedade,20
ansiedade,saude-mental,top,ansiedade generalizada,13
ansiedade,saude-mental,top,ansiedade o que é,13
ansiedade,saude-mental,top,ataques de ansiedade,12
ansiedade,saude-mental,top,comprimidos ansiedade,12
ansiedade,saude-mental,top,acalmar ansiedade,12
ansiedade,saude-mental,top,teste ansiedade,11
ansiedade,saude-mental,top,ansiedade social,11
ansiedade,saude-mental,top,controlar ansiedade,10
ansiedade,saude-mental,top,tratamento ansiedade,9
ansiedade,saude-mental,top,comprimidos para ansiedade,9
ansiedade,saude-mental,top,sintomas da ansiedade,9
ansiedade,saude-mental,top,crises de ansiedade,9
ansiedade,saude-mental,top,medicamento ansiedade,8
ansiedade,saude-mental,top,teste de ansiedade,8
ansiedade,saude-mental,top,transtorno de ansiedade,8
ansiedade,saude-mental,top,sintomas de ataque de ansiedade,8
ansiedade,saude-mental,top,ataque de ansiedade sintomas,8
ansiedade,saude-mental,rising,ansiedade divertidamente,66400
ansiedade,saude-mental,rising,ansiedade divertida mente 2,22000
ansiedade,saude-mental,rising,não é loucura é ansiedade,20000
ansiedade,saude-mental,rising,300 mil anos de ansiedade,17250
ansiedade,saude-mental,rising,como diminuir a ansiedade rapidamente,11300
ansiedade,saude-mental,rising,como curar a ansiedade sozinho,9350
ansiedade,saude-mental,rising,a ansiedade nao manda em mim,7550
ansiedade,saude-mental,rising,espasmos musculares involuntários ansiedade,7050
ansiedade,saude-mental,rising,ansiedade sintomas físicos e psicológicos,650
ansiedade,saude-mental,rising,sintomas da ansiedade no corpo,200
ansiedade,saude-mental,rising,sintomas de ansiedade e estresse,200
ansiedade,saude-mental,rising,sintomas de ansiedade no corpo,200
ansiedade,saude-mental,rising,sintomas de ansiedade grave,150
ansiedade,saude-mental,rising,ataque de pânico,130
ansiedade,saude-mental,rising,brintellix ansiedade,130
ansiedade,saude-mental,rising,ataque de pânico sintomas,120
ansiedade,saude-mental,rising,meditação para ansiedade e dormir,90
ansiedade,saude-mental,rising,fluoxetina ansiedade,80
ansiedade,saude-mental,rising,medicação para ansiedade,50
ansiedade,saude-mental,rising,calmantes para ansiedade,50
ansiedade,saude-mental,rising,sinais de ansiedade,40
ansiedade,saude-mental,rising,crise ansiedade,40
ansiedade,saude-mental,rising,crise de ansiedade,40
automutilação,saude-mental,top,automutilação significado,100
automutilação,saude-mental,top,automutilação sinonimo,69
automutilação,saude-mental,top,automutilação como esconder,52
automutilação,saude-mental,top,automutilação borderline,42
automutilação,saude-mental,top,automutilação o que significado,23
automutilação,saude-mental,top,automutilação cid,22
automutilação,saude-mental,rising,automutilação cid,203050
automutilação,saude-mental,rising,automutilação sinonimo,400
automutilação,saude-mental,rising,automutilação significado,160
automutilação,saude-mental,rising,automutilação como esconder,90
burnout,saude-mental,top,sintomas burnout,100
burnout,saude-mental,top,sintomas de burnout,24
burnout,saude-mental,top,significado burnout,24
burnout,saude-mental,top,sindrome de burnout,15
burnout,saude-mental,top,doença burnout,14
burnout,saude-mental,top,o que burnout,14
burnout,saude-mental,top,stress,12
burnout,saude-mental,top,síndrome de burnout,9
burnout,saude-mental,top,burnout symptoms,9
burnout,saude-mental,top,signs of burnout,8
burnout,saude-mental,top,burnout o que é,8
burnout,saude-mental,top,burnout mental,8
burnout,saude-mental,top,burnout teste,7
burnout,saude-mental,top,maslach burnout,6
burnout,saude-mental,top,burnout tratamento,6
burnout,saude-mental,top,doença de burnout,6
burnout,saude-mental,top,burnout parental,5
burnout,saude-mental,top,burn out,5
burnout,saude-mental,top,sintomas burnout teste,4
burnout,saude-mental,top,maslach burnout inventory,4
burnout,saude-mental,top,burnout o que e,4
burnout,saude-mental,top,autistic burnout,3
burnout,saude-mental,top,burnout society,2
burnout,saude-mental,top,o que é burnout doença,2
burnout,saude-mental,top,sintomas de burnout teste,2
burnout,saude-mental,rising,burnout sintomas físicos,30750
burnout,saude-mental,rising,adhd burnout,29450
burnout,saude-mental,rising,burnout significa,17250
burnout,saude-mental,rising,burnout autista,14450
burnout,saude-mental,rising,autistic burnout,1050
burnout,saude-mental,rising,signs of burnout,600
burnout,saude-mental,rising,burnout society,450
burnout,saude-mental,rising,sintomas burnout teste,450
burnout,saude-mental,rising,sintomas de burnout teste,350
burnout,saude-mental,rising,o que é burnout doença,300
burnout,saude-mental,rising,burnout teste,250
burnout,saude-mental,rising,the burnout society,200
burnout,saude-mental,rising,significado burnout,150
burnout,saude-mental,rising,burnout o que e,100
burnout,saude-mental,rising,sintomas burnout,100
burnout,saude-mental,rising,burnout symptoms,70
burnout,saude-mental,rising,o que burnout,70
burnout,saude-mental,rising,sintomas de burnout,70
burnout,saude-mental,rising,burnout o que é,70
burnout,saude-mental,rising,burnout mental,70
demência,saude-mental,top,demência sintomas,100
demência,saude-mental,top,demencia,70
demência,saude-mental,top,alzheimer,69
demência,saude-mental,top,demência frontotemporal,67
demência,saude-mental,top,sintomas de demência,43
demência,saude-mental,top,demência de lewy,42
demência,saude-mental,top,demência vascular,40
demência,saude-mental,top,demência de corpos de lewy,38
demência,saude-mental,top,corpos de lewy,37
demência,saude-mental,top,demência corpos de lewy,37
demência,saude-mental,top,demência o que é,36
demência,saude-mental,top,demência de alzheimer,35
demência,saude-mental,top,sinais de demência,28
demência,saude-mental,top,demência e alzheimer,25
demência,saude-mental,top,parkinson,18
demência,saude-mental,top,demência em idosos,18
demência,saude-mental,top,tipos de demência,15
demência,saude-mental,top,demência significado,14
demência,saude-mental,top,demência com corpos de lewy,13
demência,saude-mental,top,o que é a demência,12
demência,saude-mental,top,demência frontotemporal sintomas,10
demência,saude-mental,top,demência precoce,10
demência,saude-mental,top,demência causas,9
demência,saude-mental,top,demência vascular sintomas,8
demência,saude-mental,top,sinais de demência precoce,4
demência,saude-mental,rising,morte por demência,32050
demência,saude-mental,rising,ator com demência,31350
demência,saude-mental,rising,demência vascular tempo de vida,28400
demência,saude-mental,rising,demência e alzheimer são a mesma coisa,15100
demência,saude-mental,rising,demência corporal de lewy,7250
demência,saude-mental,rising,demência frontotemporal sintomas,300
demência,saude-mental,rising,sinais de demência precoce,200
demência,saude-mental,rising,sinais de demência,70
demência,saude-mental,rising,demência frontotemporal,70
demência,saude-mental,rising,demência em idosos,60
demência,saude-mental,rising,demência vascular sintomas,60
demência,saude-mental,rising,demência o que é,50
demência,saude-mental,rising,o que é a demência,40
demência,saude-mental,rising,demência e alzheimer,40
dependências,saude-mental,top,comportamentos aditivos e dependências,100
depressão,saude-mental,top,depressão sintomas,100
depressão,saude-mental,top,ansiedade,73
depressão,saude-mental,top,ansiedade e depressão,49
depressão,saude-mental,top,sintomas de depressão,47
depressão,saude-mental,top,depressão portugal,39
depressão,saude-mental,top,depressão teste,30
depressão,saude-mental,top,depressao,29
depressão,saude-mental,top,teste de depressão,23
depressão,saude-mental,top,depressão o que é,18
depressão,saude-mental,top,depressão tempo,16
depressão,saude-mental,top,ansiedade sintomas,14
depressão,saude-mental,top,depressão tratamento,14
depressão,saude-mental,top,sinais depressão,13
depressão,saude-mental,top,sintomas da depressão,11
depressão,saude-mental,top,sinais de depressão,11
depressão,saude-mental,top,kristin depressão,11
depressão,saude-mental,top,sintomas de ansiedade,10
depressão,saude-mental,top,depressão marta,10
depressão,saude-mental,top,depressão major,10
depressão,saude-mental,top,depressão profunda,9
depressão,saude-mental,top,ansiedade e depressão sintomas,9
depressão,saude-mental,top,depressão meteorologia,8
depressão,saude-mental,top,depressão martinho,7
depressão,saude-mental,top,depressão significado,7
depressão,saude-mental,top,o que é a depressão,7
depressão,saude-mental,rising,depressão ingrid,59350
depressão,saude-mental,rising,depressão irene,58650
depressão,saude-mental,rising,depressão oriana,56550
depressão,saude-mental,rising,depressão óscar,53950
depressão,saude-mental,rising,depressão joseph,49700
depressão,saude-mental,rising,depressão claudia,49400
depressão,saude-mental,rising,depressão therese,42050
depressão,saude-mental,rising,depressão karlotta,40400
depressão,saude-mental,rising,depressão óscar continente,39000
depressão,saude-mental,rising,depressão garoe,33000
depressão,saude-mental,rising,depressão oscar,31150
depressão,saude-mental,rising,depressão celine,27000
depressão,saude-mental,rising,depressão aline,23900
depressão,saude-mental,rising,depressão goretti,22150
depressão,saude-mental,rising,depressão claudia ipma,21200
depressão,saude-mental,rising,depressão benjamin chuva portugal,20900
depressão,saude-mental,rising,nininho vaz maia depressão,19450
depressão,saude-mental,rising,depressão garoe portugal,17200
depressão,saude-mental,rising,depressão leonardo portugal,15600
depressão,saude-mental,rising,depressão ingrid portugal,15200
depressão,saude-mental,rising,depressão martinho portugal,14900
depressão,saude-mental,rising,depressão emília,14400
depressão,saude-mental,rising,kristin depressão,12650
depressão,saude-mental,rising,depressão nélson,12250
depressão,saude-mental,rising,depressão marta,10550
enxaqueca,saude-mental,top,enxaqueca aura,100
enxaqueca,saude-mental,top,enxaqueca com aura,83
enxaqueca,saude-mental,top,enxaqueca sintomas,79
enxaqueca,saude-mental,top,sintomas de enxaqueca,32
enxaqueca,saude-mental,top,medicamento enxaqueca,31
enxaqueca,saude-mental,top,aliviar enxaqueca,30
enxaqueca,saude-mental,top,enxaqueca tratamento,30
enxaqueca,saude-mental,top,enxaquecas,28
enxaqueca,saude-mental,top,remedio enxaqueca,23
enxaqueca,saude-mental,top,causas enxaqueca,22
enxaqueca,saude-mental,top,enxaqueca como aliviar,20
enxaqueca,saude-mental,top,aura de enxaqueca,19
enxaqueca,saude-mental,top,medicamento para enxaqueca,18
enxaqueca,saude-mental,top,enxaqueca ocular,17
enxaqueca,saude-mental,top,enxaqueca vestibular,17
enxaqueca,saude-mental,top,o que é enxaqueca,17
enxaqueca,saude-mental,top,enxaqueca remédio,15
enxaqueca,saude-mental,top,remedio para enxaqueca,15
enxaqueca,saude-mental,top,enxaqueca o que tomar,14
enxaqueca,saude-mental,top,enxaqueca cronica,12
enxaqueca,saude-mental,top,remédio para enxaqueca,12
enxaqueca,saude-mental,top,enxaqueca medicamentos,11
enxaqueca,saude-mental,top,enxaqueca gravidez,11
enxaqueca,saude-mental,top,enxaqueca lado esquerdo,11
enxaqueca,saude-mental,top,enxaqueca menstrual,11
enxaqueca,saude-mental,rising,touca enxaqueca,84750
enxaqueca,saude-mental,rising,touca para enxaqueca,36200
enxaqueca,saude-mental,rising,touca de enxaqueca,15750
enxaqueca,saude-mental,rising,naproxeno para enxaqueca,450
enxaqueca,saude-mental,rising,flunarizina enxaqueca,300
enxaqueca,saude-mental,rising,novo medicamento para enxaqueca,300
enxaqueca,saude-mental,rising,triptanos para enxaqueca,300
enxaqueca,saude-mental,rising,enxaqueca sintomas e causas,250
enxaqueca,saude-mental,rising,anticorpos monoclonais enxaqueca,200
enxaqueca,saude-mental,rising,remédio para enxaqueca forte,200
enxaqueca,saude-mental,rising,o que é enxaqueca com aura,190
enxaqueca,saude-mental,rising,triptano enxaqueca,150
enxaqueca,saude-mental,rising,enxaqueca vestibular sintomas,130
enxaqueca,saude-mental,rising,remédio caseiro para enxaqueca forte,130
enxaqueca,saude-mental,rising,enxaqueca vestibular,110
enxaqueca,saude-mental,rising,o que causa enxaqueca,100
enxaqueca,saude-mental,rising,o que provoca enxaqueca,100
enxaqueca,saude-mental,rising,botox enxaqueca,100
enxaqueca,saude-mental,rising,enxaqueca tensional,90
enxaqueca,saude-mental,rising,botox para enxaqueca,90
enxaqueca,saude-mental,rising,alimentos que provocam enxaqueca,90
enxaqueca,saude-mental,rising,o que é enxaqueca,70
enxaqueca,saude-mental,rising,enxaqueca o que tomar,60
enxaqueca,saude-mental,rising,remédio para enxaqueca,60
enxaqueca,saude-mental,rising,sintomas da enxaqueca,60
fobia social,saude-mental,top,sintomas fobia social,100
fobia social,saude-mental,top,fobia social teste,62
fobia social,saude-mental,top,o que é fobia social,38
fobia social,saude-mental,top,fobia social tratamento,30
fobia social,saude-mental,top,sintomas de fobia social,21
fobia social,saude-mental,top,fobia social tem cura,6
fobia social,saude-mental,rising,o que é fobia social,120
fobia social,saude-mental,rising,sintomas fobia social,70
fobia social,saude-mental,rising,fobia social teste,50
insónia,saude-mental,top,insónias,100
insónia,saude-mental,top,insónia fernando mendes,72
insónia,saude-mental,top,insónia familiar fatal,37
pânico,saude-mental,top,ataque de pânico,100
pânico,saude-mental,top,sintomas de pânico,52
pânico,saude-mental,top,ataques de pânico,52
pânico,saude-mental,top,ataque de pânico sintomas,33
pânico,saude-mental,top,sintomas de ataque de pânico,33
pânico,saude-mental,top,ataques de pânico sintomas,17
pânico,saude-mental,top,crise de pânico,12
pânico,saude-mental,top,síndrome do pânico,10
pânico,saude-mental,top,sintomas de ansiedade e pânico,8
pânico,saude-mental,top,crise de pânico sintomas,6
pânico,saude-mental,top,transtorno de pânico,5
pânico,saude-mental,top,ataque de pânico noturno,2
pânico,saude-mental,top,pânico youtube,2
pânico,saude-mental,top,síndrome do pânico tem cura,0
pânico,saude-mental,rising,síndrome do pânico tem cura,18350
pânico,saude-mental,rising,pânico youtube,160
pânico,saude-mental,rising,crise de pânico sintomas,110
pânico,saude-mental,rising,ataque de pânico noturno,90
pânico,saude-mental,rising,ataque de pânico sintomas,60
pânico,saude-mental,rising,sintomas de ataque de pânico,50
PTSD,saude-mental,top,ptsd meaning,100
PTSD,saude-mental,top,ptsd symptoms,29
PTSD,saude-mental,top,what is ptsd,18
PTSD,saude-mental,top,ptsd significado,16
PTSD,saude-mental,top,adhd,14
PTSD,saude-mental,top,complex ptsd,11
PTSD,saude-mental,top,ptsd treatment,10
PTSD,saude-mental,top,ocd,10
PTSD,saude-mental,top,ptsd test,9
PTSD,saude-mental,top,cptsd,6
PTSD,saude-mental,top,ptsd dog,4
PTSD,saude-mental,top,ptad,4
PTSD,saude-mental,top,ptsd radio,4
PTSD,saude-mental,top,prsd,2
PTSD,saude-mental,top,whats ptsd,1
PTSD,saude-mental,rising,ptsd dog,50550
PTSD,saude-mental,rising,ptsd radio,48550
PTSD,saude-mental,rising,prsd,27250
PTSD,saude-mental,rising,whats ptsd,18300
PTSD,saude-mental,rising,cptsd,120
PTSD,saude-mental,rising,complex ptsd,70
PTSD,saude-mental,rising,ptsd treatment,60
solidão,saude-mental,top,solidão e solitude,100
solidão,saude-mental,top,olá solidão,32
solidão,saude-mental,top,cem anos de solidão,24
solidão,saude-mental,top,solidão ou solitude,14
solidão,saude-mental,top,olá solidão letra,12
solidão,saude-mental,rising,solidão ou solitude,200150
solidão,saude-mental,rising,olá solidão letra,164750
solidão,saude-mental,rising,olá solidão,350
solidão,saude-mental,rising,solidão e solitude,250
stress,saude-mental,top,valdispert stress,100
stress,saude-mental,top,stress e ansiedade,93
stress,saude-mental,top,estresse,89
stress,saude-mental,top,stress sintomas,88
stress,saude-mental,top,anti stress,82
stress,saude-mental,top,sintomas de stress,49
stress,saude-mental,top,stress test,44
stress,saude-mental,top,stress symptoms,40
stress,saude-mental,top,o que é o stress,40
stress,saude-mental,top,oxidative stress,39
stress,saude-mental,top,stress ou estresse,37
stress,saude-mental,top,what is stress,32
stress,saude-mental,top,how to reduce stress,31
stress,saude-mental,top,stress pos traumatico,29
stress,saude-mental,top,stress calm,25
stress,saude-mental,top,chronic stress,24
stress,saude-mental,top,stress fracture,23
stress,saude-mental,top,stress management,22
stress,saude-mental,top,stress oxidativo,22
stress,saude-mental,top,stress relief,21
stress,saude-mental,top,stress support,21
stress,saude-mental,top,stresse,21
stress,saude-mental,top,fratura de stress,20
stress,saude-mental,top,stress free,19
stress,saude-mental,top,how to reduce stress naturally,19
stress,saude-mental,rising,how to reduce stress naturally,75450
stress,saude-mental,rising,adrenal stress support,19050
stress,saude-mental,rising,what to do for stress,13000
stress,saude-mental,rising,what are the symptoms of stress,9850
stress,saude-mental,rising,stress support,750
stress,saude-mental,rising,arkorelax stress control,700
stress,saude-mental,rising,how to reduce stress,500
stress,saude-mental,rising,what is stress,300
stress,saude-mental,rising,chronic stress,170
stress,saude-mental,rising,stress symptoms,150
stress,saude-mental,rising,mini-avc stress,150
stress,saude-mental,rising,how to reduce stress at work,130
stress,saude-mental,rising,estresse pos traumatico,110
stress,saude-mental,rising,stress ou estresse,110
stress,saude-mental,rising,estresse,70
stress,saude-mental,rising,stress management,60
stress,saude-mental,rising,o que é o stress,60
stress,saude-mental,rising,stress free,60
stress,saude-mental,rising,oxidative stress,50
stress,saude-mental,rising,stress relief,40
suicídio,saude-mental,top,depressão,100
suicídio,saude-mental,top,dia mundial da prevenção do suicídio,16
suicídio,saude-mental,rising,dia mundial da prevenção do suicídio,198600
TDAH adulto,saude-mental,top,tdah o que é,100
TDAH adulto,saude-mental,top,vencendo o tdah adulto,34
TDAH adulto,saude-mental,rising,tdah o que é,629100
TDAH adulto,saude-mental,rising,vencendo o tdah adulto,213850
